login_id,student_id,login_date,device_type,ip_address,location,created_at
1,1,2025-07-08 17-05-14,tablet,142.188.130.37,Guwahati,2026-01-02 06-02-48
2,2,2025-03-11 18-04-40,tablet,196.237.177.6,Gwalior,2026-01-02 06-02-48
3,3,2025-11-17 14-23-00,web,143.36.114.220,Thane,2026-01-02 06-02-48
4,4,2025-01-03 00-00-59,web,161.64.179.219,Vadodara,2026-01-02 06-02-48
5,5,2025-03-06 15-55-22,mobile,87.31.92.18,Srinagar,2026-01-02 06-02-48
6,6,2025-06-17 08-40-51,mobile,94.10.196.92,Navi Mumbai,2026-01-02 06-02-48
7,7,2025-07-09 06-43-41,web,165.129.108.217,Visakhapatnam,2026-01-02 06-02-48
8,8,2025-03-18 07-50-11,web,201.240.100.16,Aurangabad,2026-01-02 06-02-48
9,9,2025-09-19 04-40-39,tablet,142.92.183.251,Allahabad,2026-01-02 06-02-48
10,10,2025-12-19 08-50-34,web,4.210.229.87,Visakhapatnam,2026-01-02 06-02-48
11,11,2025-11-06 13-16-37,tablet,6.150.166.35,Meerut,2026-01-02 06-02-48
12,12,2025-03-27 14-56-38,tablet,65.98.157.243,Vadodara,2026-01-02 06-02-48
13,13,2025-11-28 16-13-36,mobile,105.248.234.29,Nagpur,2026-01-02 06-02-48
14,14,2025-04-26 18-03-36,web,137.112.4.120,Kanpur,2026-01-02 06-02-48
15,15,2025-11-05 20-18-42,tablet,151.94.182.58,Gwalior,2026-01-02 06-02-48
16,16,2025-12-01 04-00-44,tablet,220.142.109.213,Agra,2026-01-02 06-02-48
17,17,2025-04-30 05-05-52,tablet,21.2.144.7,Vadodara,2026-01-02 06-02-48
18,18,2025-02-23 21-53-58,mobile,134.70.31.139,Indore,2026-01-02 06-02-48
19,19,2025-02-05 17-36-29,web,67.185.231.178,Howrah,2026-01-02 06-02-48
20,20,2025-08-09 10-11-13,mobile,97.176.189.208,Ranchi,2026-01-02 06-02-48
21,21,2025-06-15 01-14-17,tablet,118.239.167.180,Vijayawada,2026-01-02 06-02-48
22,22,2025-01-15 18-05-42,tablet,24.155.126.218,Ludhiana,2026-01-02 06-02-48
23,23,2025-10-10 12-28-19,web,113.38.178.37,Kanpur,2026-01-02 06-02-48
24,24,2025-01-31 09-21-49,tablet,114.51.244.70,Lucknow,2026-01-02 06-02-48
25,25,2025-12-26 19-57-33,web,157.232.3.223,Bhopal,2026-01-02 06-02-48
26,26,2025-11-21 12-29-02,web,161.157.206.118,Ghaziabad,2026-01-02 06-02-48
27,27,2025-10-10 19-37-50,tablet,67.42.77.232,Thane,2026-01-02 06-02-48
28,28,2025-03-21 13-14-57,web,55.151.131.174,Allahabad,2026-01-02 06-02-48
29,29,2025-09-18 02-30-02,mobile,38.28.160.229,Surat,2026-01-02 06-02-48
30,30,2025-02-07 08-44-26,web,147.161.87.235,Jodhpur,2026-01-02 06-02-48
31,31,2025-06-17 18-38-27,mobile,97.96.189.131,Chennai,2026-01-02 06-02-48
32,32,2025-10-11 08-00-04,web,119.252.237.113,Jodhpur,2026-01-02 06-02-48
33,33,2025-07-24 14-03-24,mobile,168.29.68.219,Kanpur,2026-01-02 06-02-48
34,34,2025-06-23 19-26-42,tablet,104.75.196.148,Bhopal,2026-01-02 06-02-48
35,35,2025-05-10 13-25-40,web,123.240.173.16,Hyderabad,2026-01-02 06-02-48
36,36,2025-04-03 14-50-04,web,51.229.187.105,Visakhapatnam,2026-01-02 06-02-48
37,37,2025-06-21 13-25-23,tablet,11.187.182.228,Bhopal,2026-01-02 06-02-48
38,38,2025-02-22 03-40-49,mobile,130.24.7.24,Chandigarh,2026-01-02 06-02-48
39,39,2025-06-02 15-49-29,mobile,45.111.66.42,Kalyan-Dombivli,2026-01-02 06-02-48
40,40,2025-10-05 23-01-21,mobile,113.22.96.9,Howrah,2026-01-02 06-02-48
41,41,2025-09-06 19-49-15,web,175.233.22.60,Hyderabad,2026-01-02 06-02-48
42,42,2025-03-10 03-46-52,tablet,186.124.27.113,Faridabad,2026-01-02 06-02-48
43,43,2025-09-12 15-56-24,web,101.176.96.125,Chennai,2026-01-02 06-02-48
44,44,2025-09-26 06-13-30,mobile,92.198.155.84,Visakhapatnam,2026-01-02 06-02-48
45,45,2025-11-22 16-44-56,web,20.83.139.186,Lucknow,2026-01-02 06-02-48
46,46,2025-02-15 11-25-26,mobile,137.170.238.56,Bangalore,2026-01-02 06-02-48
47,47,2025-05-26 13-30-16,tablet,30.198.102.158,Solapur,2026-01-02 06-02-48
48,48,2025-01-10 04-23-49,tablet,139.180.94.210,Aurangabad,2026-01-02 06-02-48
49,49,2025-01-16 05-28-59,mobile,79.130.225.10,Vadodara,2026-01-02 06-02-48
50,50,2025-09-08 03-30-03,web,21.169.130.3,Thane,2026-01-02 06-02-48
51,51,2025-05-07 21-25-15,mobile,163.39.136.8,Vasai-Virar,2026-01-02 06-02-48
52,52,2025-12-31 02-28-09,mobile,192.141.17.121,Nagpur,2026-01-02 06-02-48
53,53,2025-12-09 13-34-53,mobile,100.18.86.10,Varanasi,2026-01-02 06-02-48
54,54,2025-03-07 08-52-02,tablet,78.20.71.186,Vadodara,2026-01-02 06-02-48
55,55,2025-05-24 20-09-24,web,9.45.140.43,Kota,2026-01-02 06-02-48
56,56,2025-01-26 22-06-13,tablet,36.229.81.130,Allahabad,2026-01-02 06-02-48
57,57,2025-07-30 07-11-17,mobile,4.102.194.232,Guwahati,2026-01-02 06-02-48
58,58,2025-08-10 23-44-18,mobile,16.37.161.19,Bangalore,2026-01-02 06-02-48
59,59,2025-02-03 09-54-36,mobile,186.248.184.236,Bareilly,2026-01-02 06-02-48
60,60,2025-12-03 05-58-52,mobile,208.201.167.181,Hyderabad,2026-01-02 06-02-48
61,61,2025-10-12 03-54-42,web,207.74.239.220,Agra,2026-01-02 06-02-48
62,62,2025-05-28 22-22-23,mobile,182.173.7.230,Jaipur,2026-01-02 06-02-48
63,63,2025-05-30 19-56-42,web,184.168.131.119,Navi Mumbai,2026-01-02 06-02-48
64,64,2025-12-02 14-17-20,mobile,80.124.37.244,Howrah,2026-01-02 06-02-48
65,65,2025-07-09 11-40-48,web,176.161.161.1,Patna,2026-01-02 06-02-48
66,66,2025-01-03 00-33-07,mobile,160.192.57.57,Kalyan-Dombivli,2026-01-02 06-02-48
67,67,2025-06-07 18-41-22,tablet,174.102.74.244,Pune,2026-01-02 06-02-48
68,68,2025-05-28 21-18-45,tablet,36.164.251.77,Chennai,2026-01-02 06-02-48
69,69,2025-04-18 03-40-07,web,193.95.62.204,Ludhiana,2026-01-02 06-02-48
70,70,2025-09-18 01-48-27,web,163.102.172.238,Lucknow,2026-01-02 06-02-48
71,71,2025-08-31 06-32-31,tablet,177.213.205.238,Ludhiana,2026-01-02 06-02-48
72,72,2025-05-06 04-54-29,mobile,172.32.182.212,Aurangabad,2026-01-02 06-02-48
73,73,2025-01-12 02-15-36,web,140.9.79.248,Vasai-Virar,2026-01-02 06-02-48
74,74,2025-03-22 07-53-23,tablet,3.110.239.122,Ranchi,2026-01-02 06-02-48
75,75,2025-01-10 15-17-54,mobile,13.225.104.143,Coimbatore,2026-01-02 06-02-48
76,76,2025-06-11 11-30-29,mobile,176.40.202.111,Guwahati,2026-01-02 06-02-48
77,77,2025-04-18 05-49-15,mobile,173.144.115.203,Aurangabad,2026-01-02 06-02-48
78,78,2025-03-09 06-41-35,mobile,42.35.238.25,Kalyan-Dombivli,2026-01-02 06-02-48
79,79,2025-03-04 01-27-36,tablet,171.220.198.100,Howrah,2026-01-02 06-02-48
80,80,2025-03-11 00-54-42,mobile,131.103.234.40,Nashik,2026-01-02 06-02-48
81,81,2025-09-04 11-11-59,tablet,62.153.87.126,Aurangabad,2026-01-02 06-02-48
82,82,2025-11-22 23-43-59,web,158.171.238.2,Chennai,2026-01-02 06-02-48
83,83,2025-03-26 00-08-52,web,89.223.243.146,Ahmedabad,2026-01-02 06-02-48
84,84,2025-11-12 18-31-40,web,83.132.146.244,Aurangabad,2026-01-02 06-02-48
85,85,2025-12-24 18-37-40,tablet,120.93.201.114,Bhopal,2026-01-02 06-02-48
86,86,2025-06-01 00-04-52,tablet,84.168.27.80,Delhi,2026-01-02 06-02-48
87,87,2025-12-01 23-33-16,mobile,101.254.92.1,Patna,2026-01-02 06-02-48
88,88,2025-05-19 16-31-45,mobile,194.124.158.83,Ludhiana,2026-01-02 06-02-48
89,89,2025-07-19 19-47-24,web,3.41.241.222,Patna,2026-01-02 06-02-48
90,90,2025-04-08 23-04-30,tablet,159.95.14.131,Dhanbad,2026-01-02 06-02-48
91,91,2025-07-07 02-28-07,tablet,137.102.64.84,Aurangabad,2026-01-02 06-02-48
92,92,2025-12-09 01-06-14,web,151.86.37.103,Ranchi,2026-01-02 06-02-48
93,93,2025-01-22 09-47-41,web,143.34.111.178,Srinagar,2026-01-02 06-02-48
94,94,2025-04-22 06-34-25,tablet,107.54.246.239,Nagpur,2026-01-02 06-02-48
95,95,2025-07-03 14-41-11,mobile,27.82.44.1,Gwalior,2026-01-02 06-02-48
96,96,2025-05-30 08-20-00,mobile,85.143.14.244,Meerut,2026-01-02 06-02-48
97,97,2025-09-18 13-43-05,web,73.230.132.77,Surat,2026-01-02 06-02-48
98,98,2025-12-24 15-36-37,mobile,49.25.63.241,Chennai,2026-01-02 06-02-48
99,99,2025-07-04 10-07-44,mobile,185.129.139.64,Aurangabad,2026-01-02 06-02-48
100,100,2025-07-12 18-19-16,web,17.247.58.2,Nashik,2026-01-02 06-02-48
101,101,2025-04-04 17-20-37,mobile,222.132.220.241,Rajkot,2026-01-02 06-02-48
102,102,2025-05-24 17-49-59,web,71.37.146.186,Aurangabad,2026-01-02 06-02-48
103,103,2025-09-22 13-41-50,tablet,139.226.19.206,Allahabad,2026-01-02 06-02-48
104,104,2025-10-03 04-55-22,tablet,27.67.25.93,Nagpur,2026-01-02 06-02-48
105,105,2025-06-08 17-38-07,tablet,203.69.162.207,Raipur,2026-01-02 06-02-48
106,106,2025-09-22 05-48-26,tablet,29.115.45.214,Kolkata,2026-01-02 06-02-48
107,107,2025-04-17 05-50-54,tablet,40.56.155.240,Lucknow,2026-01-02 06-02-48
108,108,2025-06-10 13-37-23,mobile,139.37.181.144,Navi Mumbai,2026-01-02 06-02-48
109,109,2025-12-21 13-23-31,tablet,73.76.27.64,Ludhiana,2026-01-02 06-02-48
110,110,2025-08-12 18-48-29,mobile,152.59.204.168,Surat,2026-01-02 06-02-48
111,111,2025-09-12 11-21-01,web,5.179.36.221,Jabalpur,2026-01-02 06-02-48
112,112,2025-11-18 18-39-11,web,2.239.45.51,Jabalpur,2026-01-02 06-02-48
113,113,2025-09-24 00-53-47,tablet,63.149.137.210,Chandigarh,2026-01-02 06-02-48
114,114,2025-05-04 12-42-46,tablet,142.96.215.9,Ranchi,2026-01-02 06-02-48
115,115,2025-09-16 06-47-14,mobile,107.206.35.73,Hyderabad,2026-01-02 06-02-48
116,116,2025-05-21 13-49-26,web,175.143.87.56,Hyderabad,2026-01-02 06-02-48
117,117,2025-04-08 12-51-22,tablet,62.104.99.225,Ahmedabad,2026-01-02 06-02-48
118,118,2025-03-29 20-53-25,web,73.41.139.150,Madurai,2026-01-02 06-02-48
119,119,2025-12-18 05-43-41,web,176.173.135.19,Bareilly,2026-01-02 06-02-48
120,120,2025-05-19 03-26-32,mobile,60.183.111.112,Dhanbad,2026-01-02 06-02-48
121,121,2025-10-29 23-15-29,web,39.196.50.109,Gwalior,2026-01-02 06-02-48
122,122,2025-07-01 19-00-38,mobile,151.17.5.128,Coimbatore,2026-01-02 06-02-48
123,123,2025-12-06 03-21-47,mobile,134.74.98.33,Guwahati,2026-01-02 06-02-48
124,124,2025-07-31 19-38-43,tablet,211.122.109.129,Raipur,2026-01-02 06-02-48
125,125,2025-04-11 08-03-00,tablet,103.36.88.239,Delhi,2026-01-02 06-02-48
126,126,2025-07-24 09-23-55,web,143.206.84.250,Meerut,2026-01-02 06-02-48
127,127,2025-08-27 23-33-43,mobile,131.43.115.83,Meerut,2026-01-02 06-02-48
128,128,2025-07-23 04-06-56,tablet,124.101.172.49,Kalyan-Dombivli,2026-01-02 06-02-48
129,129,2025-06-25 04-38-20,mobile,198.4.192.230,Thane,2026-01-02 06-02-48
130,130,2025-03-17 21-25-12,mobile,167.15.197.150,Chandigarh,2026-01-02 06-02-48
131,131,2025-06-12 21-25-50,web,31.212.19.240,Jaipur,2026-01-02 06-02-48
132,132,2025-04-07 19-20-34,tablet,94.36.207.72,Thane,2026-01-02 06-02-48
133,133,2025-03-16 01-16-56,web,198.92.116.133,Ludhiana,2026-01-02 06-02-48
134,134,2025-11-10 14-04-03,web,128.74.176.86,Guwahati,2026-01-02 06-02-48
135,135,2025-06-10 13-37-05,mobile,218.200.83.252,Kalyan-Dombivli,2026-01-02 06-02-48
136,136,2025-12-05 21-52-37,mobile,178.157.153.89,Hubli–Dharwad,2026-01-02 06-02-48
137,137,2025-06-14 18-57-39,web,118.19.213.187,Delhi,2026-01-02 06-02-48
138,138,2025-05-14 06-47-08,web,15.182.167.27,Madurai,2026-01-02 06-02-48
139,139,2025-12-16 09-23-26,mobile,137.14.7.150,Howrah,2026-01-02 06-02-48
140,140,2025-10-16 13-08-36,mobile,85.30.184.86,Guwahati,2026-01-02 06-02-48
141,141,2025-03-07 02-39-09,web,83.132.107.115,Pune,2026-01-02 06-02-48
142,142,2025-10-25 16-09-52,tablet,77.19.171.220,Thane,2026-01-02 06-02-48
143,143,2025-06-11 00-20-35,tablet,108.134.80.139,Navi Mumbai,2026-01-02 06-02-48
144,144,2025-01-24 00-26-32,mobile,141.239.19.144,Vijayawada,2026-01-02 06-02-48
145,145,2025-10-23 05-26-06,mobile,185.206.148.44,Nashik,2026-01-02 06-02-48
146,146,2025-04-11 06-10-30,tablet,11.179.86.191,Meerut,2026-01-02 06-02-48
147,147,2025-05-11 04-56-09,web,101.69.41.73,Surat,2026-01-02 06-02-48
148,148,2025-01-21 04-39-50,mobile,78.119.125.152,Bareilly,2026-01-02 06-02-48
149,149,2025-08-29 07-25-27,mobile,166.89.163.215,Hyderabad,2026-01-02 06-02-48
150,150,2025-11-19 17-53-55,web,110.217.10.68,Bhopal,2026-01-02 06-02-48
151,151,2025-11-25 06-29-51,mobile,73.170.61.12,Mumbai,2026-01-02 06-02-48
152,152,2025-10-03 06-45-16,tablet,89.199.82.230,Meerut,2026-01-02 06-02-48
153,153,2025-07-04 12-17-24,mobile,165.225.148.251,Vadodara,2026-01-02 06-02-48
154,154,2025-04-03 10-40-12,web,185.51.13.147,Solapur,2026-01-02 06-02-48
155,155,2025-03-12 13-33-18,web,162.111.150.163,Howrah,2026-01-02 06-02-48
156,156,2025-06-09 03-22-33,tablet,20.85.1.168,Srinagar,2026-01-02 06-02-48
157,157,2025-09-21 03-25-44,web,118.143.71.252,Raipur,2026-01-02 06-02-48
158,158,2025-09-11 15-47-00,web,69.50.17.237,Jodhpur,2026-01-02 06-02-48
159,159,2025-03-24 06-58-01,tablet,99.217.126.40,Srinagar,2026-01-02 06-02-48
160,160,2025-12-12 01-44-00,mobile,183.107.131.30,Faridabad,2026-01-02 06-02-48
161,161,2025-07-23 21-48-41,tablet,55.237.235.178,Madurai,2026-01-02 06-02-48
162,162,2025-09-17 01-23-52,tablet,108.62.183.201,Kolkata,2026-01-02 06-02-48
163,163,2025-07-30 15-21-53,mobile,65.222.246.210,Faridabad,2026-01-02 06-02-48
164,164,2025-11-24 22-44-42,mobile,219.244.196.189,Jaipur,2026-01-02 06-02-48
165,165,2025-05-03 01-42-45,web,110.206.183.54,Hubli–Dharwad,2026-01-02 06-02-48
166,166,2025-08-21 08-30-49,mobile,100.209.112.53,Nashik,2026-01-02 06-02-48
167,167,2025-02-09 07-10-12,tablet,74.121.207.113,Ghaziabad,2026-01-02 06-02-48
168,168,2025-01-18 20-45-08,tablet,18.87.27.219,Ghaziabad,2026-01-02 06-02-48
169,169,2025-11-13 05-43-21,tablet,39.171.81.158,Allahabad,2026-01-02 06-02-48
170,170,2025-04-20 16-11-10,web,170.206.249.8,Solapur,2026-01-02 06-02-48
171,171,2025-09-05 10-18-40,tablet,50.238.31.154,Howrah,2026-01-02 06-02-48
172,172,2025-08-08 17-55-51,web,139.161.147.102,Faridabad,2026-01-02 06-02-48
173,173,2025-02-05 00-33-45,web,114.132.10.223,Visakhapatnam,2026-01-02 06-02-48
174,174,2025-03-09 23-53-36,mobile,63.106.124.184,Kolkata,2026-01-02 06-02-48
175,175,2025-06-02 15-00-55,web,116.39.216.128,Rajkot,2026-01-02 06-02-48
176,176,2025-11-22 20-34-18,tablet,91.26.134.56,Chennai,2026-01-02 06-02-48
177,177,2025-11-06 22-32-32,mobile,141.106.101.153,Jaipur,2026-01-02 06-02-48
178,178,2025-02-19 06-37-58,tablet,14.129.33.226,Jodhpur,2026-01-02 06-02-48
179,179,2025-07-16 23-19-58,mobile,216.165.143.62,Nashik,2026-01-02 06-02-48
180,180,2025-03-18 05-19-45,mobile,156.127.69.182,Kolkata,2026-01-02 06-02-48
181,181,2025-01-25 10-42-45,web,177.1.155.187,Jabalpur,2026-01-02 06-02-48
182,182,2025-09-25 20-53-22,mobile,159.129.152.170,Delhi,2026-01-02 06-02-48
183,183,2025-10-18 04-25-38,mobile,47.199.92.18,Pune,2026-01-02 06-02-48
184,184,2025-07-06 12-35-21,mobile,41.225.57.242,Madurai,2026-01-02 06-02-48
185,185,2025-03-13 21-10-55,mobile,93.69.249.128,Srinagar,2026-01-02 06-02-48
186,186,2025-08-25 18-13-18,tablet,113.173.127.121,Nashik,2026-01-02 06-02-48
187,187,2025-08-22 13-44-04,web,185.78.68.10,Jaipur,2026-01-02 06-02-48
188,188,2025-02-25 19-39-54,web,94.100.201.38,Ahmedabad,2026-01-02 06-02-48
189,189,2025-03-17 22-10-06,tablet,211.11.186.58,Agra,2026-01-02 06-02-48
190,190,2025-06-16 15-23-21,web,188.10.175.243,Nashik,2026-01-02 06-02-48
191,191,2025-03-15 08-40-49,web,206.176.30.85,Bareilly,2026-01-02 06-02-48
192,192,2025-09-09 04-08-32,web,87.182.174.118,Vasai-Virar,2026-01-02 06-02-48
193,193,2025-12-05 19-29-19,web,190.162.83.206,Madurai,2026-01-02 06-02-48
194,194,2025-03-09 20-31-02,web,144.144.66.110,Allahabad,2026-01-02 06-02-48
195,195,2025-07-15 20-53-54,mobile,12.164.225.20,Allahabad,2026-01-02 06-02-48
196,196,2025-06-10 08-51-13,mobile,123.73.56.91,Mumbai,2026-01-02 06-02-48
197,197,2025-07-03 02-30-34,web,213.32.159.40,Vasai-Virar,2026-01-02 06-02-48
198,198,2025-11-30 23-55-32,tablet,103.238.204.198,Coimbatore,2026-01-02 06-02-48
199,199,2025-05-04 11-48-08,mobile,174.205.232.175,Aurangabad,2026-01-02 06-02-48
200,200,2025-05-22 07-45-04,mobile,179.224.90.38,Madurai,2026-01-02 06-02-48
201,201,2025-12-09 22-04-22,tablet,65.126.163.102,Ahmedabad,2026-01-02 06-02-48
202,202,2025-01-07 05-24-33,tablet,145.121.106.204,Meerut,2026-01-02 06-02-48
203,203,2025-12-17 15-54-12,mobile,6.12.193.119,Howrah,2026-01-02 06-02-48
204,204,2025-12-03 14-14-55,tablet,103.117.27.188,Amritsar,2026-01-02 06-02-48
205,205,2025-12-15 12-04-59,mobile,167.11.72.157,Nashik,2026-01-02 06-02-48
206,206,2025-10-13 12-09-57,tablet,18.25.220.101,Hyderabad,2026-01-02 06-02-48
207,207,2025-02-25 19-26-22,mobile,212.74.249.128,Lucknow,2026-01-02 06-02-48
208,208,2025-09-15 20-29-11,mobile,67.36.211.128,Mumbai,2026-01-02 06-02-48
209,209,2025-04-30 15-05-02,mobile,138.138.35.68,Hyderabad,2026-01-02 06-02-48
210,210,2025-02-08 22-45-54,tablet,44.148.120.250,Bangalore,2026-01-02 06-02-48
211,211,2025-10-25 04-09-28,tablet,77.217.74.24,Solapur,2026-01-02 06-02-48
212,212,2025-11-22 22-55-01,mobile,81.112.176.145,Coimbatore,2026-01-02 06-02-48
213,213,2025-12-23 20-55-48,web,58.124.182.16,Howrah,2026-01-02 06-02-48
214,214,2025-04-07 00-37-58,mobile,205.220.16.209,Ranchi,2026-01-02 06-02-48
215,215,2025-04-08 02-18-46,tablet,129.11.153.192,Hyderabad,2026-01-02 06-02-48
216,216,2025-01-13 13-11-37,mobile,80.206.121.128,Lucknow,2026-01-02 06-02-48
217,217,2025-07-19 22-57-07,mobile,73.59.107.109,Rajkot,2026-01-02 06-02-48
218,218,2025-12-11 15-34-13,tablet,66.86.36.152,Kalyan-Dombivli,2026-01-02 06-02-48
219,219,2025-04-14 19-43-33,tablet,170.67.246.215,Delhi,2026-01-02 06-02-48
220,220,2025-01-07 20-32-38,web,114.151.144.85,Indore,2026-01-02 06-02-48
221,221,2025-11-08 13-04-10,tablet,103.35.146.189,Howrah,2026-01-02 06-02-48
222,222,2025-01-22 12-04-33,mobile,209.0.204.156,Ranchi,2026-01-02 06-02-48
223,223,2025-07-25 01-55-06,mobile,170.169.157.172,Chandigarh,2026-01-02 06-02-48
224,224,2025-12-12 01-39-00,web,30.239.18.222,Bhopal,2026-01-02 06-02-48
225,225,2025-08-20 22-57-27,mobile,58.158.162.195,Delhi,2026-01-02 06-02-48
226,226,2025-03-09 21-49-05,mobile,1.1.14.208,Meerut,2026-01-02 06-02-48
227,227,2025-07-20 13-37-17,tablet,210.192.145.130,Rajkot,2026-01-02 06-02-48
228,228,2025-02-11 18-38-05,tablet,43.58.170.199,Hyderabad,2026-01-02 06-02-48
229,229,2025-09-22 21-52-47,web,70.27.221.12,Lucknow,2026-01-02 06-02-48
230,230,2025-07-30 03-47-07,mobile,85.31.36.238,Jodhpur,2026-01-02 06-02-48
231,231,2025-11-11 15-39-25,mobile,197.27.215.14,Chennai,2026-01-02 06-02-48
232,232,2025-08-10 20-31-46,tablet,42.223.106.182,Jodhpur,2026-01-02 06-02-48
233,233,2025-06-04 07-54-50,mobile,15.57.69.36,Jabalpur,2026-01-02 06-02-48
234,234,2025-06-19 17-05-59,web,129.104.232.77,Chandigarh,2026-01-02 06-02-48
235,235,2025-12-07 16-49-51,tablet,44.96.134.37,Madurai,2026-01-02 06-02-48
236,236,2025-05-07 22-21-28,tablet,73.63.54.180,Chennai,2026-01-02 06-02-48
237,237,2026-01-02 00-35-10,mobile,153.59.196.105,Surat,2026-01-02 06-02-48
238,238,2025-05-28 15-35-39,web,128.103.177.242,Hyderabad,2026-01-02 06-02-48
239,239,2025-09-06 20-59-48,tablet,194.131.126.62,Thane,2026-01-02 06-02-48
240,240,2025-02-11 22-59-46,mobile,81.146.193.86,Vadodara,2026-01-02 06-02-48
241,241,2025-09-27 20-04-13,mobile,157.97.58.124,Solapur,2026-01-02 06-02-48
242,242,2025-06-04 08-18-58,web,41.254.159.51,Ludhiana,2026-01-02 06-02-48
243,243,2025-10-01 03-17-37,tablet,185.94.215.191,Bangalore,2026-01-02 06-02-48
244,244,2025-05-20 16-44-06,web,22.183.53.87,Nagpur,2026-01-02 06-02-48
245,245,2025-10-12 12-14-13,web,98.142.194.56,Coimbatore,2026-01-02 06-02-48
246,246,2025-10-28 23-04-33,mobile,11.248.102.182,Kolkata,2026-01-02 06-02-48
247,247,2025-02-10 00-49-38,tablet,174.162.5.201,Nashik,2026-01-02 06-02-48
248,248,2025-04-07 16-00-14,web,171.58.125.201,Bangalore,2026-01-02 06-02-48
249,249,2025-12-22 07-24-40,web,56.221.183.139,Ranchi,2026-01-02 06-02-48
250,250,2025-03-09 03-16-01,mobile,8.210.50.176,Bareilly,2026-01-02 06-02-48
251,251,2025-02-05 05-31-26,mobile,97.121.161.190,Lucknow,2026-01-02 06-02-48
252,252,2025-08-10 11-44-54,web,111.123.74.81,Nagpur,2026-01-02 06-02-48
253,253,2025-06-24 05-53-34,tablet,204.11.9.223,Agra,2026-01-02 06-02-48
254,254,2025-07-14 07-35-36,web,163.226.3.187,Howrah,2026-01-02 06-02-48
255,255,2025-05-12 17-01-58,tablet,93.68.230.26,Ludhiana,2026-01-02 06-02-48
256,256,2025-05-26 07-41-27,tablet,13.115.36.96,Thane,2026-01-02 06-02-48
257,257,2025-09-15 18-39-40,tablet,200.138.115.95,Jodhpur,2026-01-02 06-02-48
258,258,2025-08-03 10-01-35,mobile,155.210.219.246,Coimbatore,2026-01-02 06-02-48
259,259,2025-08-01 07-16-31,mobile,76.211.126.112,Bhopal,2026-01-02 06-02-48
260,260,2025-08-14 18-43-41,mobile,215.104.110.110,Vasai-Virar,2026-01-02 06-02-48
261,261,2025-03-27 13-36-26,web,112.27.136.152,Kolkata,2026-01-02 06-02-48
262,262,2025-07-13 10-13-30,tablet,109.68.90.236,Chennai,2026-01-02 06-02-48
263,263,2025-04-14 02-19-55,mobile,209.183.146.129,Delhi,2026-01-02 06-02-48
264,264,2025-05-27 23-26-58,tablet,97.140.129.214,Kota,2026-01-02 06-02-48
265,265,2025-08-27 07-56-32,mobile,31.43.252.242,Patna,2026-01-02 06-02-48
266,266,2025-04-01 20-32-49,web,196.108.34.152,Rajkot,2026-01-02 06-02-48
267,267,2025-07-07 19-57-39,web,14.67.192.168,Vasai-Virar,2026-01-02 06-02-48
268,268,2025-01-08 19-41-58,web,108.167.64.192,Vasai-Virar,2026-01-02 06-02-48
269,269,2025-07-09 09-40-05,tablet,166.7.241.173,Kolkata,2026-01-02 06-02-48
270,270,2025-01-27 02-26-52,web,196.90.55.30,Agra,2026-01-02 06-02-48
271,271,2025-12-15 23-30-35,mobile,99.209.157.164,Coimbatore,2026-01-02 06-02-48
272,272,2025-11-01 12-38-17,mobile,79.62.115.35,Bhopal,2026-01-02 06-02-48
273,273,2025-04-29 13-47-48,tablet,95.181.113.179,Bareilly,2026-01-02 06-02-48
274,274,2025-12-20 17-01-53,web,193.118.122.103,Indore,2026-01-02 06-02-48
275,275,2025-02-16 04-01-22,web,81.89.251.237,Hyderabad,2026-01-02 06-02-48
276,276,2025-01-27 05-52-51,mobile,125.106.136.93,Kanpur,2026-01-02 06-02-48
277,277,2025-02-28 20-36-44,web,36.160.158.49,Pune,2026-01-02 06-02-48
278,278,2025-03-18 11-55-55,web,32.4.235.177,Lucknow,2026-01-02 06-02-48
279,279,2025-12-12 09-15-44,tablet,135.192.120.151,Chennai,2026-01-02 06-02-48
280,280,2025-02-02 21-42-09,web,47.116.132.76,Coimbatore,2026-01-02 06-02-48
281,281,2025-05-08 08-27-37,mobile,94.250.144.11,Nashik,2026-01-02 06-02-48
282,282,2025-06-25 22-49-53,mobile,122.120.171.119,Ludhiana,2026-01-02 06-02-48
283,283,2025-06-26 00-30-13,web,13.164.157.36,Indore,2026-01-02 06-02-48
284,284,2025-08-19 09-25-49,tablet,215.249.30.251,Delhi,2026-01-02 06-02-48
285,285,2026-01-01 16-38-59,mobile,198.137.183.73,Agra,2026-01-02 06-02-48
286,286,2025-11-22 03-38-56,mobile,121.242.20.97,Varanasi,2026-01-02 06-02-48
287,287,2025-08-24 19-56-56,tablet,66.234.192.229,Pune,2026-01-02 06-02-48
288,288,2025-07-23 11-12-49,web,113.121.199.107,Madurai,2026-01-02 06-02-48
289,289,2025-03-19 13-53-40,tablet,77.175.215.193,Kanpur,2026-01-02 06-02-48
290,290,2025-05-01 13-37-53,mobile,203.38.79.132,Kolkata,2026-01-02 06-02-48
291,291,2025-10-08 19-59-33,web,186.103.11.114,Chandigarh,2026-01-02 06-02-48
292,292,2025-01-02 20-38-09,mobile,50.50.73.66,Lucknow,2026-01-02 06-02-48
293,293,2025-09-09 04-32-35,mobile,86.110.66.150,Bangalore,2026-01-02 06-02-48
294,294,2025-10-29 06-26-46,tablet,121.103.159.71,Ghaziabad,2026-01-02 06-02-48
295,295,2025-10-15 00-13-11,mobile,206.98.21.13,Jodhpur,2026-01-02 06-02-48
296,296,2025-04-12 23-34-10,mobile,97.7.167.151,Kota,2026-01-02 06-02-48
297,297,2025-09-09 16-40-45,web,8.89.197.171,Thane,2026-01-02 06-02-48
298,298,2025-04-30 22-03-08,tablet,175.46.44.146,Agra,2026-01-02 06-02-48
299,299,2025-03-24 06-53-26,mobile,28.68.126.170,Bareilly,2026-01-02 06-02-48
300,300,2025-07-12 02-49-41,mobile,108.199.118.252,Vadodara,2026-01-02 06-02-48
301,301,2025-04-15 06-02-51,tablet,135.99.89.11,Howrah,2026-01-02 06-02-48
302,302,2025-04-14 14-40-19,web,43.87.80.208,Gwalior,2026-01-02 06-02-48
303,303,2025-11-05 22-59-39,web,137.207.185.162,Kolkata,2026-01-02 06-02-48
304,304,2025-07-30 02-14-05,tablet,80.133.227.107,Madurai,2026-01-02 06-02-48
305,305,2025-06-01 16-07-44,tablet,3.14.236.225,Kota,2026-01-02 06-02-48
306,306,2025-09-15 10-19-28,web,101.103.236.38,Nagpur,2026-01-02 06-02-48
307,307,2025-05-26 14-05-44,web,178.101.221.99,Amritsar,2026-01-02 06-02-48
308,308,2025-01-23 14-12-34,mobile,104.158.66.114,Bareilly,2026-01-02 06-02-48
309,309,2025-12-19 22-07-16,tablet,182.210.100.43,Amritsar,2026-01-02 06-02-48
310,310,2025-12-25 23-15-04,web,147.46.203.80,Varanasi,2026-01-02 06-02-48
311,311,2025-06-03 21-38-13,mobile,119.57.155.153,Lucknow,2026-01-02 06-02-48
312,312,2025-07-10 12-52-04,tablet,58.163.137.95,Ludhiana,2026-01-02 06-02-48
313,313,2025-05-20 11-02-55,web,153.72.136.159,Solapur,2026-01-02 06-02-48
314,314,2025-09-02 11-30-49,mobile,220.204.40.254,Faridabad,2026-01-02 06-02-48
315,315,2025-02-01 15-14-39,mobile,161.73.141.166,Jabalpur,2026-01-02 06-02-48
316,316,2025-08-12 00-45-55,web,53.226.251.5,Vijayawada,2026-01-02 06-02-48
317,317,2025-08-23 09-06-23,mobile,18.216.174.253,Kanpur,2026-01-02 06-02-48
318,318,2025-11-19 05-40-19,mobile,77.209.147.86,Delhi,2026-01-02 06-02-48
319,319,2025-02-04 09-38-53,web,48.172.82.237,Aurangabad,2026-01-02 06-02-48
320,320,2025-04-30 16-05-57,tablet,171.77.202.106,Bhopal,2026-01-02 06-02-48
321,321,2025-06-11 23-42-36,tablet,24.192.155.200,Howrah,2026-01-02 06-02-48
322,322,2025-03-11 16-02-22,tablet,200.66.241.54,Dhanbad,2026-01-02 06-02-48
323,323,2025-11-04 10-22-50,tablet,31.8.2.63,Aurangabad,2026-01-02 06-02-48
324,324,2025-04-09 02-44-31,mobile,16.52.125.156,Navi Mumbai,2026-01-02 06-02-48
325,325,2025-07-29 11-21-27,web,146.252.209.25,Mumbai,2026-01-02 06-02-48
326,326,2025-06-03 03-26-09,tablet,176.100.244.152,Bhopal,2026-01-02 06-02-48
327,327,2025-12-03 02-46-45,tablet,71.219.33.77,Surat,2026-01-02 06-02-48
328,328,2025-06-15 04-54-07,web,183.239.189.186,Surat,2026-01-02 06-02-48
329,329,2025-11-03 00-09-01,tablet,23.96.158.84,Bhopal,2026-01-02 06-02-48
330,330,2025-04-02 03-30-25,mobile,56.62.90.98,Pune,2026-01-02 06-02-48
331,331,2025-01-03 07-27-24,mobile,31.73.117.33,Rajkot,2026-01-02 06-02-48
332,332,2025-01-29 22-04-59,web,51.18.75.2,Jodhpur,2026-01-02 06-02-48
333,333,2025-09-25 17-44-00,mobile,112.73.12.1,Raipur,2026-01-02 06-02-48
334,334,2025-05-31 02-47-14,mobile,37.130.68.214,Chandigarh,2026-01-02 06-02-48
335,335,2025-04-16 16-23-54,mobile,65.30.134.234,Thane,2026-01-02 06-02-48
336,336,2025-06-23 04-50-32,mobile,5.180.8.129,Rajkot,2026-01-02 06-02-48
337,337,2025-05-25 04-37-53,mobile,20.192.3.26,Nagpur,2026-01-02 06-02-48
338,338,2025-12-28 09-15-28,mobile,96.25.13.127,Ranchi,2026-01-02 06-02-48
339,339,2025-10-23 01-38-30,tablet,88.19.64.83,Indore,2026-01-02 06-02-48
340,340,2025-05-13 20-02-21,mobile,84.240.119.108,Nagpur,2026-01-02 06-02-48
341,341,2025-07-15 02-20-30,tablet,175.27.153.153,Nashik,2026-01-02 06-02-48
342,342,2025-02-22 15-27-22,web,208.11.143.71,Pune,2026-01-02 06-02-48
343,343,2025-12-28 20-24-10,mobile,64.163.166.194,Bangalore,2026-01-02 06-02-48
344,344,2025-04-18 05-07-48,mobile,107.101.223.94,Indore,2026-01-02 06-02-48
345,345,2025-08-28 16-05-18,web,128.6.223.240,Rajkot,2026-01-02 06-02-48
346,346,2025-11-07 22-36-50,web,90.194.40.93,Vijayawada,2026-01-02 06-02-48
347,347,2025-01-16 12-07-00,tablet,27.131.120.80,Patna,2026-01-02 06-02-48
348,348,2025-04-07 14-59-01,mobile,219.93.58.90,Kalyan-Dombivli,2026-01-02 06-02-48
349,349,2025-10-09 15-54-28,mobile,1.254.115.50,Dhanbad,2026-01-02 06-02-48
350,350,2025-03-21 01-22-56,web,78.32.156.32,Vasai-Virar,2026-01-02 06-02-48
351,351,2025-03-08 13-27-32,web,151.51.59.10,Chennai,2026-01-02 06-02-48
352,352,2025-05-09 22-38-01,tablet,171.252.39.67,Kanpur,2026-01-02 06-02-48
353,353,2025-11-07 21-13-37,web,203.59.225.205,Mumbai,2026-01-02 06-02-48
354,354,2025-10-09 04-10-55,mobile,111.44.162.242,Coimbatore,2026-01-02 06-02-48
355,355,2025-07-05 20-43-41,mobile,200.156.191.87,Gwalior,2026-01-02 06-02-48
356,356,2025-07-18 17-45-50,mobile,60.33.12.71,Howrah,2026-01-02 06-02-48
357,357,2025-01-31 08-20-09,web,140.28.168.65,Chandigarh,2026-01-02 06-02-48
358,358,2025-08-22 14-38-09,web,99.240.85.115,Solapur,2026-01-02 06-02-48
359,359,2025-12-15 22-12-14,web,223.207.81.160,Vadodara,2026-01-02 06-02-48
360,360,2025-06-04 15-58-24,web,6.44.9.53,Rajkot,2026-01-02 06-02-48
361,361,2025-11-19 15-26-31,web,66.46.231.19,Faridabad,2026-01-02 06-02-48
362,362,2025-08-25 03-40-12,tablet,213.108.193.212,Pune,2026-01-02 06-02-48
363,363,2025-06-29 05-19-10,tablet,177.92.11.213,Solapur,2026-01-02 06-02-48
364,364,2025-06-21 22-13-41,mobile,146.122.123.144,Jodhpur,2026-01-02 06-02-48
365,365,2025-07-21 16-33-55,mobile,218.148.214.60,Raipur,2026-01-02 06-02-48
366,366,2025-04-28 11-20-12,mobile,71.36.109.172,Nagpur,2026-01-02 06-02-48
367,367,2025-05-10 00-47-04,web,187.49.253.105,Kalyan-Dombivli,2026-01-02 06-02-48
368,368,2025-10-13 06-22-35,mobile,185.188.18.88,Chennai,2026-01-02 06-02-48
369,369,2025-01-27 07-07-07,mobile,211.168.153.226,Dhanbad,2026-01-02 06-02-48
370,370,2025-04-12 12-27-37,tablet,112.24.26.69,Amritsar,2026-01-02 06-02-48
371,371,2025-03-05 11-26-30,tablet,48.43.205.61,Hyderabad,2026-01-02 06-02-48
372,372,2025-07-23 11-49-17,mobile,18.181.3.4,Nagpur,2026-01-02 06-02-48
373,373,2025-05-28 03-50-44,tablet,198.44.225.30,Nagpur,2026-01-02 06-02-48
374,374,2025-11-07 05-27-19,web,118.198.133.139,Lucknow,2026-01-02 06-02-48
375,375,2025-07-24 11-27-24,tablet,156.130.128.203,Jaipur,2026-01-02 06-02-48
376,376,2025-05-23 08-10-41,mobile,135.167.67.85,Srinagar,2026-01-02 06-02-48
377,377,2025-07-09 00-28-48,mobile,218.14.221.139,Ranchi,2026-01-02 06-02-48
378,378,2025-03-16 10-35-35,mobile,54.105.188.215,Ahmedabad,2026-01-02 06-02-48
379,379,2025-06-08 18-04-18,mobile,55.196.177.74,Rajkot,2026-01-02 06-02-48
380,380,2025-09-17 17-17-47,mobile,96.39.88.105,Solapur,2026-01-02 06-02-48
381,381,2025-01-04 19-06-29,web,166.215.32.124,Allahabad,2026-01-02 06-02-48
382,382,2025-10-24 05-12-02,web,129.124.131.103,Faridabad,2026-01-02 06-02-48
383,383,2025-01-12 19-36-20,mobile,126.43.85.135,Bhopal,2026-01-02 06-02-48
384,384,2025-10-26 12-37-25,tablet,111.159.218.77,Delhi,2026-01-02 06-02-48
385,385,2025-11-07 15-41-30,web,124.158.101.154,Bhopal,2026-01-02 06-02-48
386,386,2025-11-28 15-07-46,web,178.72.240.147,Thane,2026-01-02 06-02-48
387,387,2025-02-22 23-09-13,web,130.109.41.166,Nagpur,2026-01-02 06-02-48
388,388,2025-03-14 02-53-38,mobile,97.185.130.165,Jabalpur,2026-01-02 06-02-48
389,389,2025-03-23 09-46-47,web,211.176.28.10,Ranchi,2026-01-02 06-02-48
390,390,2025-05-28 18-29-21,mobile,129.99.121.27,Surat,2026-01-02 06-02-48
391,391,2025-06-16 00-16-13,mobile,204.230.129.5,Jabalpur,2026-01-02 06-02-48
392,392,2025-08-22 16-39-17,mobile,185.193.42.219,Srinagar,2026-01-02 06-02-48
393,393,2025-12-23 23-51-37,web,56.208.183.76,Agra,2026-01-02 06-02-48
394,394,2025-08-13 07-01-10,tablet,134.148.36.41,Kolkata,2026-01-02 06-02-48
395,395,2025-06-01 16-00-45,mobile,38.205.110.43,Mumbai,2026-01-02 06-02-48
396,396,2025-06-26 08-01-02,mobile,218.253.70.71,Delhi,2026-01-02 06-02-48
397,397,2025-06-01 09-35-09,mobile,29.132.238.231,Guwahati,2026-01-02 06-02-48
398,398,2025-07-26 11-08-17,web,138.197.47.247,Thane,2026-01-02 06-02-48
399,399,2025-07-27 16-59-11,web,36.54.64.42,Aurangabad,2026-01-02 06-02-48
400,400,2025-03-14 22-31-14,web,115.251.119.20,Meerut,2026-01-02 06-02-48
401,401,2025-10-24 05-25-38,tablet,29.51.233.137,Faridabad,2026-01-02 06-02-48
402,402,2025-02-11 17-48-37,web,133.216.53.74,Mumbai,2026-01-02 06-02-48
403,403,2025-06-09 17-41-11,mobile,5.136.46.2,Jaipur,2026-01-02 06-02-48
404,404,2025-05-11 14-25-46,mobile,220.75.179.66,Indore,2026-01-02 06-02-48
405,405,2025-10-20 18-15-59,mobile,149.243.249.18,Delhi,2026-01-02 06-02-48
406,406,2025-02-07 16-59-39,web,26.239.153.10,Visakhapatnam,2026-01-02 06-02-48
407,407,2025-04-30 14-40-40,web,150.64.96.182,Mumbai,2026-01-02 06-02-48
408,408,2025-08-16 16-36-53,tablet,165.5.69.255,Thane,2026-01-02 06-02-48
409,409,2025-01-22 14-03-48,tablet,19.122.70.25,Navi Mumbai,2026-01-02 06-02-48
410,410,2025-12-23 21-44-51,tablet,78.234.105.222,Hyderabad,2026-01-02 06-02-48
411,411,2025-11-13 01-45-31,web,64.112.230.177,Amritsar,2026-01-02 06-02-48
412,412,2025-10-16 16-19-51,tablet,202.178.147.137,Guwahati,2026-01-02 06-02-48
413,413,2025-12-03 23-34-47,web,153.107.240.202,Ghaziabad,2026-01-02 06-02-48
414,414,2025-03-01 10-16-09,web,152.229.103.55,Vadodara,2026-01-02 06-02-48
415,415,2025-05-16 05-44-18,web,10.184.240.178,Bhopal,2026-01-02 06-02-48
416,416,2025-08-28 07-56-54,tablet,118.19.133.55,Chennai,2026-01-02 06-02-48
417,417,2025-12-26 01-10-28,tablet,199.202.176.54,Raipur,2026-01-02 06-02-48
418,418,2025-02-11 05-33-00,tablet,24.208.11.15,Kolkata,2026-01-02 06-02-48
419,419,2025-10-20 00-31-53,mobile,187.52.119.154,Varanasi,2026-01-02 06-02-48
420,420,2025-09-17 13-48-09,tablet,6.226.102.25,Howrah,2026-01-02 06-02-48
421,421,2025-09-20 20-03-56,web,47.202.208.138,Ludhiana,2026-01-02 06-02-48
422,422,2025-04-07 06-02-34,mobile,197.105.148.124,Howrah,2026-01-02 06-02-48
423,423,2025-01-18 02-29-09,tablet,167.128.42.24,Surat,2026-01-02 06-02-48
424,424,2025-10-14 18-42-07,mobile,4.116.4.66,Vijayawada,2026-01-02 06-02-48
425,425,2025-07-13 06-46-13,web,128.48.156.77,Kota,2026-01-02 06-02-48
426,426,2025-12-22 15-35-43,mobile,167.196.192.174,Agra,2026-01-02 06-02-48
427,427,2025-02-26 11-13-41,tablet,106.31.195.107,Allahabad,2026-01-02 06-02-48
428,428,2025-09-26 02-08-35,mobile,130.54.124.180,Jaipur,2026-01-02 06-02-48
429,429,2025-12-26 13-30-19,tablet,115.213.103.128,Ranchi,2026-01-02 06-02-48
430,430,2025-08-27 12-42-56,tablet,209.186.248.85,Allahabad,2026-01-02 06-02-48
431,431,2025-10-24 12-26-18,mobile,15.10.224.221,Navi Mumbai,2026-01-02 06-02-48
432,432,2025-10-09 09-08-21,tablet,83.92.212.6,Vadodara,2026-01-02 06-02-48
433,433,2025-06-22 12-13-55,web,200.213.87.133,Surat,2026-01-02 06-02-48
434,434,2025-12-05 21-50-12,mobile,157.7.76.4,Visakhapatnam,2026-01-02 06-02-48
435,435,2025-01-07 14-53-06,web,130.110.102.124,Dhanbad,2026-01-02 06-02-48
436,436,2025-12-11 23-32-59,mobile,158.16.115.23,Visakhapatnam,2026-01-02 06-02-48
437,437,2025-02-10 15-36-47,mobile,191.2.95.57,Ahmedabad,2026-01-02 06-02-48
438,438,2025-08-06 22-02-36,mobile,65.252.60.206,Varanasi,2026-01-02 06-02-48
439,439,2025-04-29 17-26-06,web,179.64.227.100,Rajkot,2026-01-02 06-02-48
440,440,2025-09-22 17-41-51,tablet,117.48.187.250,Ranchi,2026-01-02 06-02-48
441,441,2025-04-24 15-34-38,web,110.123.95.105,Kalyan-Dombivli,2026-01-02 06-02-48
442,442,2025-03-18 09-29-20,tablet,202.150.11.74,Kolkata,2026-01-02 06-02-48
443,443,2025-04-30 11-29-48,tablet,133.66.190.91,Howrah,2026-01-02 06-02-48
444,444,2025-08-07 22-02-40,mobile,132.117.50.172,Varanasi,2026-01-02 06-02-48
445,445,2025-06-09 15-03-16,web,123.229.180.246,Indore,2026-01-02 06-02-48
446,446,2025-09-01 19-01-58,web,107.234.95.136,Amritsar,2026-01-02 06-02-48
447,447,2025-02-20 02-54-52,mobile,217.66.32.174,Guwahati,2026-01-02 06-02-48
448,448,2025-03-30 07-47-13,mobile,154.168.63.235,Hyderabad,2026-01-02 06-02-48
449,449,2025-01-04 20-02-53,web,146.24.190.147,Howrah,2026-01-02 06-02-48
450,450,2025-02-24 22-02-13,tablet,137.8.189.70,Agra,2026-01-02 06-02-48
451,451,2025-01-23 23-52-27,web,119.78.31.106,Hyderabad,2026-01-02 06-02-48
452,452,2025-09-11 19-16-11,mobile,49.0.97.161,Kolkata,2026-01-02 06-02-48
453,453,2025-11-27 05-18-31,tablet,75.174.252.14,Bangalore,2026-01-02 06-02-48
454,454,2025-03-12 13-47-21,mobile,134.239.194.235,Aurangabad,2026-01-02 06-02-48
455,455,2025-12-30 23-58-38,tablet,204.83.69.224,Amritsar,2026-01-02 06-02-48
456,456,2025-11-02 13-47-53,tablet,83.4.182.116,Hubli–Dharwad,2026-01-02 06-02-48
457,457,2025-06-14 01-14-16,tablet,205.99.175.140,Solapur,2026-01-02 06-02-48
458,458,2025-04-27 08-14-17,mobile,221.26.229.243,Thane,2026-01-02 06-02-48
459,459,2025-08-22 02-49-46,web,180.85.93.54,Thane,2026-01-02 06-02-48
460,460,2025-10-02 12-49-43,mobile,132.161.16.116,Vadodara,2026-01-02 06-02-48
461,461,2025-04-08 12-11-47,web,163.99.145.181,Kalyan-Dombivli,2026-01-02 06-02-48
462,462,2025-11-16 17-57-48,mobile,151.175.92.140,Bangalore,2026-01-02 06-02-48
463,463,2025-07-31 01-41-53,tablet,31.155.13.123,Solapur,2026-01-02 06-02-48
464,464,2025-06-17 00-39-02,tablet,103.180.8.156,Ranchi,2026-01-02 06-02-48
465,465,2025-03-03 03-28-13,web,18.43.135.58,Hubli–Dharwad,2026-01-02 06-02-48
466,466,2025-08-04 12-45-33,web,8.40.252.81,Coimbatore,2026-01-02 06-02-48
467,467,2025-01-14 04-52-02,mobile,178.93.255.234,Guwahati,2026-01-02 06-02-48
468,468,2025-11-18 17-53-36,mobile,140.95.115.244,Varanasi,2026-01-02 06-02-48
469,469,2025-05-22 09-27-57,web,65.158.233.231,Nagpur,2026-01-02 06-02-48
470,470,2025-09-21 11-32-46,web,154.0.180.209,Nagpur,2026-01-02 06-02-48
471,471,2025-11-01 09-44-35,web,105.132.116.230,Vasai-Virar,2026-01-02 06-02-48
472,472,2025-02-28 08-56-22,web,39.59.203.216,Kanpur,2026-01-02 06-02-48
473,473,2025-06-30 11-13-05,mobile,162.28.143.9,Lucknow,2026-01-02 06-02-48
474,474,2025-12-07 20-16-45,web,205.11.40.255,Allahabad,2026-01-02 06-02-48
475,475,2025-05-13 08-50-39,web,194.105.176.183,Ghaziabad,2026-01-02 06-02-48
476,476,2025-03-02 02-57-36,tablet,188.180.138.38,Ludhiana,2026-01-02 06-02-48
477,477,2025-10-06 09-14-42,mobile,134.33.158.134,Kota,2026-01-02 06-02-48
478,478,2025-02-02 23-11-33,tablet,83.82.2.207,Dhanbad,2026-01-02 06-02-48
479,479,2025-04-29 18-27-49,tablet,102.178.53.144,Hyderabad,2026-01-02 06-02-48
480,480,2025-12-15 06-35-35,mobile,218.14.11.210,Vasai-Virar,2026-01-02 06-02-48
481,481,2025-12-28 17-02-03,web,109.189.182.113,Vadodara,2026-01-02 06-02-48
482,482,2025-08-14 15-14-54,web,183.42.31.216,Raipur,2026-01-02 06-02-48
483,483,2025-05-13 20-02-43,tablet,161.51.101.164,Kota,2026-01-02 06-02-48
484,484,2025-09-19 07-06-54,web,33.96.54.48,Ahmedabad,2026-01-02 06-02-48
485,485,2025-08-10 14-05-30,tablet,203.169.146.195,Navi Mumbai,2026-01-02 06-02-48
486,486,2025-01-26 17-28-03,web,174.148.228.47,Vasai-Virar,2026-01-02 06-02-48
487,487,2025-04-04 09-29-46,tablet,221.216.225.233,Bareilly,2026-01-02 06-02-48
488,488,2025-12-29 19-20-23,tablet,23.115.237.185,Jodhpur,2026-01-02 06-02-48
489,489,2025-02-04 02-52-24,mobile,222.140.54.134,Navi Mumbai,2026-01-02 06-02-48
490,490,2025-03-28 06-20-24,web,11.63.179.95,Rajkot,2026-01-02 06-02-48
491,491,2025-11-19 15-04-41,tablet,40.221.180.138,Lucknow,2026-01-02 06-02-48
492,492,2025-07-06 21-27-49,tablet,22.69.186.52,Vasai-Virar,2026-01-02 06-02-48
493,493,2025-11-15 13-46-37,web,91.125.34.201,Dhanbad,2026-01-02 06-02-48
494,494,2025-02-01 17-29-26,tablet,59.55.10.178,Jodhpur,2026-01-02 06-02-48
495,495,2025-10-10 22-40-40,web,191.114.125.75,Srinagar,2026-01-02 06-02-48
496,496,2025-12-25 19-52-36,mobile,2.252.79.152,Navi Mumbai,2026-01-02 06-02-48
497,497,2025-07-06 11-51-45,tablet,206.183.160.193,Hubli–Dharwad,2026-01-02 06-02-48
498,498,2025-03-24 04-34-33,mobile,59.34.125.44,Raipur,2026-01-02 06-02-48
499,499,2025-05-29 10-02-11,tablet,202.251.79.86,Guwahati,2026-01-02 06-02-48
500,500,2025-06-18 11-14-35,mobile,109.129.203.250,Ludhiana,2026-01-02 06-02-48
