order_id,student_id,course_id,order_date,order_status,base_amount,discount,total_amount,payment_method,created_at
1,1,13,06-09-2025 08:07,Pending,5999,599.9,5399.1,UPI,31-12-2025 07:39
2,2,14,23-06-2025 06:49,Completed,4999,499.9,4499.1,Card,31-12-2025 07:39
3,3,1,01-02-2025 21:58,Pending,2999,149.95,2849.05,UPI,31-12-2025 07:39
4,4,25,10-09-2026 12:08,Pending,6999,699.9,6299.1,Card,31-12-2025 07:39
5,4,29,20-07-2026 13:24,Completed,5499,549.9,4949.1,Card,31-12-2025 07:39
6,5,22,02-04-2025 10:08,Completed,3299,329.9,2969.1,NetBanking,31-12-2025 07:39
7,6,1,03-09-2026 17:45,Pending,2999,299.9,2699.1,Card,31-12-2025 07:39
8,7,1,11-08-2025 13:59,Completed,2999,599.8,2399.2,UPI,31-12-2025 07:39
9,8,17,24-03-2026 18:28,Completed,4599,919.8,3679.2,UPI,31-12-2025 07:39
10,9,23,10-10-2026 14:02,Refunded,4499,449.9,4049.1,Card,31-12-2025 07:39
11,10,9,10-06-2026 22:02,Completed,3799,759.8,3039.2,UPI,31-12-2025 07:39
12,11,30,23-06-2025 10:42,Completed,7999,1599.8,6399.2,NetBanking,31-12-2025 07:39
13,12,2,13-07-2026 17:46,Completed,3499,174.95,3324.05,UPI,31-12-2025 07:39
14,13,20,04-07-2026 05:40,Completed,7999,1599.8,6399.2,NetBanking,31-12-2025 07:39
15,14,23,09-06-2026 19:47,Completed,4499,224.95,4274.05,Card,31-12-2025 07:39
16,15,25,04-02-2025 22:44,Pending,6999,1399.8,5599.2,NetBanking,31-12-2025 07:39
17,16,29,05-06-2025 22:36,Pending,5499,549.9,4949.1,UPI,31-12-2025 07:39
18,17,7,22-01-2026 10:40,Pending,3999,399.9,3599.1,NetBanking,31-12-2025 07:39
19,18,25,03-12-2025 13:53,Completed,6999,349.95,6649.05,UPI,31-12-2025 07:39
20,19,11,18-11-2026 06:00,Pending,3999,399.9,3599.1,Card,31-12-2025 07:39
21,20,29,08-12-2025 06:55,Completed,5499,274.95,5224.05,UPI,31-12-2025 07:39
22,21,21,16-01-2025 10:38,Completed,2999,599.8,2399.2,NetBanking,31-12-2025 07:39
23,22,14,02-03-2026 12:36,Completed,4999,999.8,3999.2,NetBanking,31-12-2025 07:39
24,23,27,06-12-2026 04:38,Completed,4999,249.95,4749.05,NetBanking,31-12-2025 07:39
25,24,4,20-10-2026 12:43,Pending,3299,329.9,2969.1,NetBanking,31-12-2025 07:39
26,25,15,04-03-2025 02:21,Completed,4499,899.8,3599.2,NetBanking,31-12-2025 07:39
27,26,21,01-08-2025 06:27,Completed,2999,149.95,2849.05,Card,31-12-2025 07:39
28,27,5,22-08-2025 19:20,Completed,4999,999.8,3999.2,UPI,31-12-2025 07:39
29,28,28,14-08-2025 09:04,Completed,3999,199.95,3799.05,Card,31-12-2025 07:39
30,29,20,26-02-2026 02:42,Completed,7999,799.9,7199.1,Card,31-12-2025 07:39
31,29,14,24-10-2026 08:30,Completed,4999,499.9,4499.1,Card,31-12-2025 07:39
32,29,12,20-01-2025 02:56,Pending,5499,549.9,4949.1,Card,31-12-2025 07:39
33,30,7,15-12-2025 08:48,Pending,3999,399.9,3599.1,Card,31-12-2025 07:39
34,31,23,22-04-2025 09:10,Completed,4499,899.8,3599.2,Card,31-12-2025 07:39
35,32,10,11-09-2026 05:32,Pending,3999,799.8,3199.2,NetBanking,31-12-2025 07:39
36,33,21,20-10-2026 16:38,Completed,2999,599.8,2399.2,UPI,31-12-2025 07:39
37,34,4,25-02-2026 04:40,Completed,3299,659.8,2639.2,UPI,31-12-2025 07:39
38,35,28,10-10-2025 15:16,Completed,3999,399.9,3599.1,NetBanking,31-12-2025 07:39
39,36,19,09-11-2025 06:53,Completed,1999,199.9,1799.1,UPI,31-12-2025 07:39
40,37,17,15-03-2026 03:23,Completed,4599,229.95,4369.05,NetBanking,31-12-2025 07:39
41,38,22,03-09-2026 06:39,Pending,3299,329.9,2969.1,Card,31-12-2025 07:39
42,39,17,06-03-2026 11:03,Completed,4599,229.95,4369.05,NetBanking,31-12-2025 07:39
43,40,10,21-12-2026 21:40,Completed,3999,199.95,3799.05,UPI,31-12-2025 07:39
44,41,13,01-09-2025 19:06,Pending,5999,299.95,5699.05,Card,31-12-2025 07:39
45,42,29,01-12-2026 15:58,Completed,5499,1099.8,4399.2,Card,31-12-2025 07:39
46,43,25,26-02-2025 04:56,Pending,6999,699.9,6299.1,NetBanking,31-12-2025 07:39
47,44,9,24-05-2026 02:10,Completed,3799,189.95,3609.05,Card,31-12-2025 07:39
48,45,20,10-03-2025 14:17,Pending,7999,1599.8,6399.2,UPI,31-12-2025 07:39
49,45,13,18-11-2026 02:18,Completed,5999,1199.8,4799.2,UPI,31-12-2025 07:39
50,45,25,27-07-2025 04:12,Completed,6999,1399.8,5599.2,NetBanking,31-12-2025 07:39
51,46,28,15-07-2025 00:52,Completed,3999,399.9,3599.1,UPI,31-12-2025 07:39
52,47,28,01-08-2025 12:08,Pending,3999,199.95,3799.05,Card,31-12-2025 07:39
53,48,28,22-08-2025 15:49,Completed,3999,199.95,3799.05,Card,31-12-2025 07:39
54,49,28,25-01-2025 20:52,Completed,3999,799.8,3199.2,NetBanking,31-12-2025 07:39
55,50,18,18-10-2025 17:37,Completed,2499,249.9,2249.1,Card,31-12-2025 07:39
56,51,10,27-08-2025 06:12,Pending,3999,199.95,3799.05,UPI,31-12-2025 07:39
57,52,18,13-06-2026 19:43,Completed,2499,124.95,2374.05,Card,31-12-2025 07:39
58,52,27,22-11-2026 00:46,Completed,4999,249.95,4749.05,UPI,31-12-2025 07:39
59,52,15,22-06-2025 10:14,Completed,4499,224.95,4274.05,UPI,31-12-2025 07:39
60,53,6,17-09-2026 05:13,Pending,6999,1399.8,5599.2,NetBanking,31-12-2025 07:39
61,54,11,24-11-2025 00:43,Pending,3999,399.9,3599.1,Card,31-12-2025 07:39
62,55,6,29-11-2026 15:05,Completed,6999,349.95,6649.05,Card,31-12-2025 07:39
63,56,25,11-05-2025 03:15,Completed,6999,349.95,6649.05,Card,31-12-2025 07:39
64,57,6,27-09-2026 20:09,Completed,6999,349.95,6649.05,NetBanking,31-12-2025 07:39
65,58,15,18-11-2025 14:07,Completed,4499,449.9,4049.1,UPI,31-12-2025 07:39
66,59,1,24-11-2025 11:39,Pending,2999,599.8,2399.2,NetBanking,31-12-2025 07:39
67,60,25,15-01-2026 00:16,Pending,6999,1399.8,5599.2,NetBanking,31-12-2025 07:39
68,61,18,19-04-2026 10:45,Completed,2499,499.8,1999.2,Card,31-12-2025 07:39
69,62,18,20-04-2025 12:15,Completed,2499,124.95,2374.05,Card,31-12-2025 07:39
70,63,9,24-01-2026 14:29,Completed,3799,379.9,3419.1,Card,31-12-2025 07:39
71,64,8,22-11-2026 06:22,Completed,3499,699.8,2799.2,Card,31-12-2025 07:39
72,65,3,26-04-2026 21:18,Completed,2999,599.8,2399.2,Card,31-12-2025 07:39
73,66,6,19-07-2025 00:07,Completed,6999,349.95,6649.05,UPI,31-12-2025 07:39
74,67,26,11-01-2025 19:49,Completed,6499,324.95,6174.05,UPI,31-12-2025 07:39
75,68,12,19-03-2026 08:37,Completed,5499,1099.8,4399.2,UPI,31-12-2025 07:39
76,69,19,31-12-2026 03:33,Completed,1999,99.95,1899.05,NetBanking,31-12-2025 07:39
77,70,13,10-03-2025 09:50,Completed,5999,299.95,5699.05,NetBanking,31-12-2025 07:39
78,71,24,09-04-2026 22:47,Completed,2499,249.9,2249.1,UPI,31-12-2025 07:39
79,72,24,07-04-2025 05:10,Completed,2499,499.8,1999.2,NetBanking,31-12-2025 07:39
80,73,24,11-12-2025 06:08,Pending,2499,124.95,2374.05,Card,31-12-2025 07:39
81,74,5,30-10-2026 08:53,Completed,4999,249.95,4749.05,Card,31-12-2025 07:39
82,75,16,20-12-2026 02:35,Completed,4799,239.95,4559.05,UPI,31-12-2025 07:39
83,76,9,12-07-2026 01:58,Completed,3799,759.8,3039.2,UPI,31-12-2025 07:39
84,77,25,27-09-2025 15:16,Pending,6999,699.9,6299.1,UPI,31-12-2025 07:39
85,78,13,28-05-2026 00:35,Completed,5999,599.9,5399.1,NetBanking,31-12-2025 07:39
86,79,7,06-01-2026 02:19,Completed,3999,399.9,3599.1,Card,31-12-2025 07:39
87,80,18,13-11-2026 01:45,Completed,2499,249.9,2249.1,Card,31-12-2025 07:39
88,81,26,17-08-2025 02:36,Completed,6499,1299.8,5199.2,Card,31-12-2025 07:39
89,82,30,08-07-2025 03:48,Completed,7999,399.95,7599.05,NetBanking,31-12-2025 07:39
90,83,4,21-05-2025 00:04,Completed,3299,329.9,2969.1,NetBanking,31-12-2025 07:39
91,84,20,28-04-2025 18:04,Completed,7999,399.95,7599.05,NetBanking,31-12-2025 07:39
92,85,15,29-04-2025 04:12,Completed,4499,449.9,4049.1,UPI,31-12-2025 07:39
93,86,15,03-09-2026 12:33,Pending,4499,224.95,4274.05,UPI,31-12-2025 07:39
94,86,9,29-06-2026 00:26,Completed,3799,189.95,3609.05,Card,31-12-2025 07:39
95,86,19,29-01-2026 19:06,Pending,1999,99.95,1899.05,NetBanking,31-12-2025 07:39
96,87,15,10-07-2026 14:53,Completed,4499,899.8,3599.2,NetBanking,31-12-2025 07:39
97,88,29,22-04-2025 07:59,Pending,5499,549.9,4949.1,Card,31-12-2025 07:39
98,89,27,07-11-2025 13:14,Completed,4999,499.9,4499.1,Card,31-12-2025 07:39
99,90,12,04-10-2026 06:52,Completed,5499,549.9,4949.1,NetBanking,31-12-2025 07:39
100,91,17,25-09-2026 03:11,Completed,4599,919.8,3679.2,UPI,31-12-2025 07:39
101,92,4,29-10-2025 05:54,Completed,3299,329.9,2969.1,Card,31-12-2025 07:39
102,93,17,26-06-2025 21:18,Pending,4599,459.9,4139.1,UPI,31-12-2025 07:39
103,93,2,17-06-2026 04:28,Completed,3499,349.9,3149.1,NetBanking,31-12-2025 07:39
104,93,6,12-01-2026 06:22,Pending,6999,699.9,6299.1,NetBanking,31-12-2025 07:39
105,93,28,25-04-2025 01:27,Completed,3999,399.9,3599.1,NetBanking,31-12-2025 07:39
106,94,30,22-05-2026 11:34,Completed,7999,1599.8,6399.2,UPI,31-12-2025 07:39
107,95,10,02-07-2025 10:58,Completed,3999,399.9,3599.1,UPI,31-12-2025 07:39
108,96,29,03-10-2026 15:50,Pending,5499,549.9,4949.1,Card,31-12-2025 07:39
109,97,3,03-12-2026 16:42,Completed,2999,599.8,2399.2,UPI,31-12-2025 07:39
110,98,6,11-08-2025 08:21,Completed,6999,699.9,6299.1,NetBanking,31-12-2025 07:39
111,99,19,27-06-2025 12:58,Completed,1999,199.9,1799.1,Card,31-12-2025 07:39
112,100,18,20-07-2026 13:19,Completed,2499,124.95,2374.05,UPI,31-12-2025 07:39
113,101,16,12-07-2026 20:08,Pending,4799,959.8,3839.2,UPI,31-12-2025 07:39
114,102,18,08-07-2025 04:36,Completed,2499,499.8,1999.2,Card,31-12-2025 07:39
115,103,29,01-11-2026 11:39,Completed,5499,1099.8,4399.2,UPI,31-12-2025 07:39
116,104,25,21-06-2026 17:22,Completed,6999,699.9,6299.1,UPI,31-12-2025 07:39
117,105,13,15-09-2026 11:58,Completed,5999,1199.8,4799.2,Card,31-12-2025 07:39
118,106,1,23-11-2025 02:28,Completed,2999,149.95,2849.05,Card,31-12-2025 07:39
119,106,9,26-12-2026 19:25,Pending,3799,189.95,3609.05,NetBanking,31-12-2025 07:39
120,106,24,26-08-2026 06:08,Completed,2499,124.95,2374.05,NetBanking,31-12-2025 07:39
121,107,8,20-07-2025 17:20,Completed,3499,349.9,3149.1,NetBanking,31-12-2025 07:39
122,108,8,16-10-2026 12:44,Completed,3499,349.9,3149.1,NetBanking,31-12-2025 07:39
123,109,27,10-02-2026 23:52,Completed,4999,249.95,4749.05,NetBanking,31-12-2025 07:39
124,110,18,30-05-2025 20:59,Completed,2499,499.8,1999.2,NetBanking,31-12-2025 07:39
125,111,1,15-12-2025 21:18,Completed,2999,599.8,2399.2,Card,31-12-2025 07:39
126,112,3,29-09-2026 08:02,Pending,2999,299.9,2699.1,UPI,31-12-2025 07:39
127,112,21,03-05-2025 02:54,Completed,2999,299.9,2699.1,NetBanking,31-12-2025 07:39
128,112,14,01-07-2026 17:03,Pending,4999,499.9,4499.1,UPI,31-12-2025 07:39
129,112,18,27-10-2025 15:07,Completed,2499,249.9,2249.1,Card,31-12-2025 07:39
130,113,22,04-05-2025 02:42,Completed,3299,164.95,3134.05,NetBanking,31-12-2025 07:39
131,114,5,04-06-2026 19:22,Completed,4999,249.95,4749.05,NetBanking,31-12-2025 07:39
132,115,16,02-09-2025 11:12,Pending,4799,479.9,4319.1,UPI,31-12-2025 07:39
133,116,2,02-01-2026 19:41,Completed,3499,699.8,2799.2,NetBanking,31-12-2025 07:39
134,117,18,04-08-2026 20:45,Completed,2499,249.9,2249.1,Card,31-12-2025 07:39
135,118,24,31-07-2026 20:43,Completed,2499,499.8,1999.2,NetBanking,31-12-2025 07:39
136,119,10,23-03-2026 05:50,Pending,3999,799.8,3199.2,NetBanking,31-12-2025 07:39
137,120,9,27-01-2025 05:13,Completed,3799,189.95,3609.05,UPI,31-12-2025 07:39
138,121,4,24-06-2026 20:52,Completed,3299,329.9,2969.1,NetBanking,31-12-2025 07:39
139,121,15,22-02-2025 20:05,Completed,4499,449.9,4049.1,NetBanking,31-12-2025 07:39
140,121,3,02-02-2025 14:57,Completed,2999,299.9,2699.1,NetBanking,31-12-2025 07:39
141,121,29,16-04-2026 16:52,Completed,5499,549.9,4949.1,UPI,31-12-2025 07:39
142,122,29,11-08-2025 11:55,Pending,5499,1099.8,4399.2,NetBanking,31-12-2025 07:39
143,123,29,09-05-2026 22:01,Pending,5499,274.95,5224.05,NetBanking,31-12-2025 07:39
144,124,17,16-10-2026 19:59,Pending,4599,919.8,3679.2,UPI,31-12-2025 07:39
145,125,17,16-10-2025 20:12,Completed,4599,459.9,4139.1,Card,31-12-2025 07:39
146,126,25,09-04-2025 23:54,Completed,6999,699.9,6299.1,UPI,31-12-2025 07:39
147,127,5,30-06-2026 06:25,Completed,4999,499.9,4499.1,Card,31-12-2025 07:39
148,128,24,17-03-2026 06:13,Completed,2499,499.8,1999.2,UPI,31-12-2025 07:39
149,129,6,15-03-2025 15:10,Completed,6999,349.95,6649.05,UPI,31-12-2025 07:39
150,130,3,27-11-2025 06:16,Completed,2999,599.8,2399.2,NetBanking,31-12-2025 07:39
151,131,9,19-07-2025 04:03,Completed,3799,379.9,3419.1,NetBanking,31-12-2025 07:39
152,132,22,27-09-2025 08:50,Completed,3299,329.9,2969.1,NetBanking,31-12-2025 07:39
153,133,29,06-02-2026 16:51,Completed,5499,549.9,4949.1,Card,31-12-2025 07:39
154,134,7,05-05-2025 12:27,Completed,3999,199.95,3799.05,NetBanking,31-12-2025 07:39
155,135,19,11-06-2026 05:25,Completed,1999,199.9,1799.1,Card,31-12-2025 07:39
156,136,21,29-04-2026 21:35,Pending,2999,599.8,2399.2,NetBanking,31-12-2025 07:39
157,137,10,14-05-2025 09:24,Completed,3999,799.8,3199.2,UPI,31-12-2025 07:39
158,138,7,22-02-2025 23:52,Completed,3999,399.9,3599.1,NetBanking,31-12-2025 07:39
159,138,19,31-07-2025 06:50,Completed,1999,199.9,1799.1,UPI,31-12-2025 07:39
160,138,17,07-11-2026 05:00,Pending,4599,459.9,4139.1,UPI,31-12-2025 07:39
161,138,14,10-04-2026 11:21,Completed,4999,499.9,4499.1,Card,31-12-2025 07:39
162,138,4,05-06-2026 06:00,Completed,3299,329.9,2969.1,NetBanking,31-12-2025 07:39
163,139,25,17-05-2026 14:31,Pending,6999,699.9,6299.1,NetBanking,31-12-2025 07:39
164,140,13,17-11-2025 17:21,Pending,5999,1199.8,4799.2,Card,31-12-2025 07:39
165,141,13,20-04-2026 03:14,Completed,5999,1199.8,4799.2,UPI,31-12-2025 07:39
166,142,26,12-08-2026 22:16,Pending,6499,649.9,5849.1,UPI,31-12-2025 07:39
167,143,2,27-08-2026 07:38,Completed,3499,174.95,3324.05,NetBanking,31-12-2025 07:39
168,144,10,04-03-2025 16:53,Pending,3999,399.9,3599.1,Card,31-12-2025 07:39
169,145,2,14-07-2025 06:14,Completed,3499,349.9,3149.1,UPI,31-12-2025 07:39
170,146,18,30-04-2026 19:36,Completed,2499,499.8,1999.2,Card,31-12-2025 07:39
171,147,9,19-02-2026 15:40,Completed,3799,759.8,3039.2,Card,31-12-2025 07:39
172,148,25,26-04-2026 05:30,Completed,6999,349.95,6649.05,Card,31-12-2025 07:39
173,149,10,23-12-2026 13:14,Completed,3999,799.8,3199.2,NetBanking,31-12-2025 07:39
174,150,8,22-11-2026 21:32,Completed,3499,174.95,3324.05,Card,31-12-2025 07:39
175,151,10,16-12-2025 17:19,Completed,3999,399.9,3599.1,UPI,31-12-2025 07:39
176,152,21,14-07-2025 05:40,Pending,2999,599.8,2399.2,NetBanking,31-12-2025 07:39
177,152,17,19-08-2026 17:51,Completed,4599,919.8,3679.2,UPI,31-12-2025 07:39
178,153,9,30-08-2026 13:32,Completed,3799,759.8,3039.2,NetBanking,31-12-2025 07:39
179,154,25,26-01-2026 21:58,Completed,6999,1399.8,5599.2,Card,31-12-2025 07:39
180,155,30,17-03-2026 05:01,Pending,7999,399.95,7599.05,NetBanking,31-12-2025 07:39
181,156,5,22-02-2026 18:57,Completed,4999,499.9,4499.1,NetBanking,31-12-2025 07:39
182,157,7,12-12-2026 16:38,Completed,3999,199.95,3799.05,NetBanking,31-12-2025 07:39
183,158,11,13-03-2025 01:17,Completed,3999,399.9,3599.1,UPI,31-12-2025 07:39
184,159,15,29-08-2026 07:36,Completed,4499,449.9,4049.1,Card,31-12-2025 07:39
185,160,20,13-11-2025 20:43,Completed,7999,1599.8,6399.2,Card,31-12-2025 07:39
186,160,9,08-03-2026 18:07,Completed,3799,759.8,3039.2,UPI,31-12-2025 07:39
187,161,6,02-06-2026 07:25,Completed,6999,1399.8,5599.2,NetBanking,31-12-2025 07:39
188,162,12,19-01-2025 17:58,Completed,5499,1099.8,4399.2,UPI,31-12-2025 07:39
189,163,4,04-09-2025 09:20,Completed,3299,164.95,3134.05,NetBanking,31-12-2025 07:39
190,164,1,11-12-2026 21:29,Completed,2999,149.95,2849.05,NetBanking,31-12-2025 07:39
191,165,8,27-03-2025 02:35,Pending,3499,349.9,3149.1,NetBanking,31-12-2025 07:39
192,166,23,17-04-2025 09:17,Pending,4499,899.8,3599.2,Card,31-12-2025 07:39
193,167,21,25-04-2026 06:57,Completed,2999,149.95,2849.05,Card,31-12-2025 07:39
194,168,7,08-06-2026 08:37,Completed,3999,199.95,3799.05,Card,31-12-2025 07:39
195,169,16,16-09-2026 18:32,Pending,4799,239.95,4559.05,Card,31-12-2025 07:39
196,169,17,07-08-2026 10:20,Completed,4599,229.95,4369.05,NetBanking,31-12-2025 07:39
197,169,19,06-02-2026 15:13,Pending,1999,99.95,1899.05,UPI,31-12-2025 07:39
198,169,25,15-10-2026 04:15,Completed,6999,349.95,6649.05,UPI,31-12-2025 07:39
199,169,28,14-12-2025 13:32,Pending,3999,199.95,3799.05,NetBanking,31-12-2025 07:39
200,170,16,05-03-2026 15:36,Pending,4799,239.95,4559.05,Card,31-12-2025 07:39
201,171,12,04-01-2026 11:14,Pending,5499,549.9,4949.1,NetBanking,31-12-2025 07:39
202,172,26,29-12-2026 21:12,Completed,6499,649.9,5849.1,NetBanking,31-12-2025 07:39
203,173,24,01-08-2026 04:41,Completed,2499,499.8,1999.2,NetBanking,31-12-2025 07:39
204,174,29,01-06-2026 21:32,Completed,5499,1099.8,4399.2,Card,31-12-2025 07:39
205,175,3,23-11-2025 05:02,Completed,2999,599.8,2399.2,UPI,31-12-2025 07:39
206,176,23,31-08-2026 07:33,Completed,4499,449.9,4049.1,UPI,31-12-2025 07:39
207,177,26,01-09-2026 17:50,Pending,6499,649.9,5849.1,Card,31-12-2025 07:39
208,178,30,07-12-2026 19:38,Pending,7999,799.9,7199.1,Card,31-12-2025 07:39
209,179,22,04-05-2026 04:09,Completed,3299,164.95,3134.05,Card,31-12-2025 07:39
210,180,27,03-10-2026 09:58,Pending,4999,499.9,4499.1,Card,31-12-2025 07:39
211,181,10,28-05-2026 22:54,Pending,3999,799.8,3199.2,NetBanking,31-12-2025 07:39
212,182,5,19-05-2026 02:05,Completed,4999,499.9,4499.1,NetBanking,31-12-2025 07:39
213,183,8,29-11-2025 07:19,Completed,3499,699.8,2799.2,Card,31-12-2025 07:39
214,184,3,15-10-2025 20:56,Completed,2999,599.8,2399.2,NetBanking,31-12-2025 07:39
215,185,4,15-12-2025 20:27,Completed,3299,329.9,2969.1,Card,31-12-2025 07:39
216,186,21,04-11-2025 08:48,Completed,2999,599.8,2399.2,UPI,31-12-2025 07:39
217,187,6,23-04-2026 02:40,Completed,6999,1399.8,5599.2,NetBanking,31-12-2025 07:39
218,188,15,16-05-2025 10:35,Completed,4499,449.9,4049.1,Card,31-12-2025 07:39
219,189,24,02-12-2026 03:32,Pending,2499,124.95,2374.05,Card,31-12-2025 07:39
220,190,13,21-06-2025 02:43,Completed,5999,1199.8,4799.2,Card,31-12-2025 07:39
221,191,24,31-03-2026 17:50,Completed,2499,249.9,2249.1,NetBanking,31-12-2025 07:39
222,192,10,17-11-2026 07:44,Pending,3999,399.9,3599.1,NetBanking,31-12-2025 07:39
223,193,19,16-06-2025 12:18,Completed,1999,199.9,1799.1,NetBanking,31-12-2025 07:39
224,194,11,08-09-2025 04:07,Completed,3999,399.9,3599.1,UPI,31-12-2025 07:39
225,195,18,01-07-2025 07:40,Refunded,2499,249.9,2249.1,Card,31-12-2025 07:39
226,196,1,01-07-2025 17:46,Completed,2999,299.9,2699.1,UPI,31-12-2025 07:39
227,197,27,16-09-2025 07:31,Completed,4999,999.8,3999.2,NetBanking,31-12-2025 07:39
228,198,17,20-08-2025 06:38,Completed,4599,459.9,4139.1,UPI,31-12-2025 07:39
229,199,1,13-07-2026 02:10,Completed,2999,599.8,2399.2,Card,31-12-2025 07:39
230,200,26,27-12-2025 14:02,Completed,6499,1299.8,5199.2,NetBanking,31-12-2025 07:39
231,201,19,21-04-2025 14:45,Completed,1999,399.8,1599.2,Card,31-12-2025 07:39
232,202,28,19-11-2026 13:55,Completed,3999,399.9,3599.1,UPI,31-12-2025 07:39
233,203,1,24-09-2025 23:42,Completed,2999,599.8,2399.2,UPI,31-12-2025 07:39
234,204,10,29-06-2025 07:17,Completed,3999,199.95,3799.05,NetBanking,31-12-2025 07:39
235,205,30,12-09-2026 16:48,Completed,7999,1599.8,6399.2,NetBanking,31-12-2025 07:39
236,206,16,17-03-2026 10:30,Completed,4799,959.8,3839.2,NetBanking,31-12-2025 07:39
237,207,23,23-01-2026 17:54,Completed,4499,899.8,3599.2,NetBanking,31-12-2025 07:39
238,208,22,06-02-2026 00:16,Completed,3299,659.8,2639.2,Card,31-12-2025 07:39
239,209,5,07-08-2026 08:32,Completed,4999,499.9,4499.1,UPI,31-12-2025 07:39
240,210,19,27-10-2025 04:05,Completed,1999,199.9,1799.1,NetBanking,31-12-2025 07:39
241,211,24,20-11-2026 14:16,Completed,2499,124.95,2374.05,NetBanking,31-12-2025 07:39
242,212,21,30-01-2026 18:20,Completed,2999,299.9,2699.1,UPI,31-12-2025 07:39
243,213,9,02-07-2026 14:56,Completed,3799,759.8,3039.2,Card,31-12-2025 07:39
244,214,12,17-03-2025 13:04,Completed,5499,274.95,5224.05,UPI,31-12-2025 07:39
245,215,19,25-02-2026 17:55,Completed,1999,99.95,1899.05,UPI,31-12-2025 07:39
246,216,7,30-12-2025 20:48,Completed,3999,799.8,3199.2,NetBanking,31-12-2025 07:39
247,217,19,08-08-2025 13:48,Pending,1999,99.95,1899.05,NetBanking,31-12-2025 07:39
248,218,10,07-04-2025 17:14,Completed,3999,799.8,3199.2,Card,31-12-2025 07:39
249,219,21,06-04-2026 10:25,Completed,2999,149.95,2849.05,Card,31-12-2025 07:39
250,219,10,08-05-2026 18:16,Completed,3999,199.95,3799.05,UPI,31-12-2025 07:39
251,220,28,12-11-2026 12:02,Completed,3999,199.95,3799.05,UPI,31-12-2025 07:39
252,221,16,27-08-2025 08:32,Completed,4799,239.95,4559.05,UPI,31-12-2025 07:39
253,222,1,22-08-2026 10:01,Completed,2999,149.95,2849.05,UPI,31-12-2025 07:39
254,222,9,06-04-2026 04:25,Completed,3799,189.95,3609.05,Card,31-12-2025 07:39
255,222,20,30-12-2025 16:49,Completed,7999,399.95,7599.05,Card,31-12-2025 07:39
256,223,28,16-09-2025 17:02,Pending,3999,199.95,3799.05,UPI,31-12-2025 07:39
257,224,20,13-06-2025 10:33,Completed,7999,399.95,7599.05,UPI,31-12-2025 07:39
258,225,19,19-05-2025 12:26,Completed,1999,99.95,1899.05,NetBanking,31-12-2025 07:39
259,226,23,14-01-2026 16:07,Completed,4499,449.9,4049.1,UPI,31-12-2025 07:39
260,227,13,10-10-2026 02:21,Completed,5999,599.9,5399.1,Card,31-12-2025 07:39
261,228,23,15-01-2025 15:03,Pending,4499,224.95,4274.05,NetBanking,31-12-2025 07:39
262,229,27,15-11-2026 07:03,Completed,4999,999.8,3999.2,NetBanking,31-12-2025 07:39
263,230,23,15-01-2025 00:16,Completed,4499,449.9,4049.1,Card,31-12-2025 07:39
264,231,18,06-10-2026 11:54,Pending,2499,499.8,1999.2,Card,31-12-2025 07:39
265,231,24,18-11-2025 04:28,Refunded,2499,499.8,1999.2,Card,31-12-2025 07:39
266,232,13,17-03-2026 13:01,Completed,5999,1199.8,4799.2,NetBanking,31-12-2025 07:39
267,233,10,14-03-2025 20:53,Completed,3999,799.8,3199.2,UPI,31-12-2025 07:39
268,234,1,06-01-2025 05:32,Completed,2999,149.95,2849.05,Card,31-12-2025 07:39
269,235,9,17-02-2025 11:19,Completed,3799,189.95,3609.05,Card,31-12-2025 07:39
270,236,22,28-06-2026 19:38,Completed,3299,329.9,2969.1,NetBanking,31-12-2025 07:39
271,236,16,29-03-2026 11:33,Completed,4799,479.9,4319.1,UPI,31-12-2025 07:39
272,236,20,21-08-2026 18:09,Pending,7999,799.9,7199.1,UPI,31-12-2025 07:39
273,236,29,07-09-2025 16:14,Completed,5499,549.9,4949.1,UPI,31-12-2025 07:39
274,237,6,14-06-2025 09:12,Completed,6999,1399.8,5599.2,Card,31-12-2025 07:39
275,238,17,18-04-2025 07:34,Completed,4599,919.8,3679.2,NetBanking,31-12-2025 07:39
276,239,3,25-11-2025 12:25,Completed,2999,599.8,2399.2,Card,31-12-2025 07:39
277,240,24,21-08-2025 19:08,Completed,2499,124.95,2374.05,UPI,31-12-2025 07:39
278,241,22,15-07-2026 03:56,Completed,3299,329.9,2969.1,UPI,31-12-2025 07:39
279,242,25,19-02-2025 22:54,Pending,6999,699.9,6299.1,Card,31-12-2025 07:39
280,243,28,28-04-2026 07:54,Completed,3999,399.9,3599.1,Card,31-12-2025 07:39
281,244,24,16-04-2025 13:08,Completed,2499,499.8,1999.2,NetBanking,31-12-2025 07:39
282,244,5,18-10-2026 14:18,Completed,4999,999.8,3999.2,Card,31-12-2025 07:39
283,244,20,06-05-2025 21:13,Completed,7999,1599.8,6399.2,UPI,31-12-2025 07:39
284,244,6,10-12-2025 22:46,Completed,6999,1399.8,5599.2,UPI,31-12-2025 07:39
285,245,5,29-12-2026 05:28,Pending,4999,999.8,3999.2,NetBanking,31-12-2025 07:39
286,246,28,03-09-2025 23:46,Completed,3999,399.9,3599.1,Card,31-12-2025 07:39
287,247,13,16-09-2025 22:44,Pending,5999,299.95,5699.05,Card,31-12-2025 07:39
288,248,14,02-09-2026 09:11,Pending,4999,999.8,3999.2,NetBanking,31-12-2025 07:39
289,249,26,30-09-2025 02:54,Pending,6499,649.9,5849.1,Card,31-12-2025 07:39
290,250,30,04-01-2025 11:01,Completed,7999,799.9,7199.1,NetBanking,31-12-2025 07:39
291,251,9,15-08-2025 18:54,Completed,3799,189.95,3609.05,UPI,31-12-2025 07:39
292,252,25,30-03-2026 12:12,Completed,6999,699.9,6299.1,Card,31-12-2025 07:39
293,253,2,19-12-2025 23:15,Completed,3499,699.8,2799.2,NetBanking,31-12-2025 07:39
294,254,15,23-01-2026 10:16,Completed,4499,899.8,3599.2,NetBanking,31-12-2025 07:39
295,255,27,23-06-2026 06:59,Completed,4999,249.95,4749.05,NetBanking,31-12-2025 07:39
296,256,26,28-08-2025 21:15,Completed,6499,1299.8,5199.2,UPI,31-12-2025 07:39
297,257,19,08-08-2025 07:48,Completed,1999,99.95,1899.05,UPI,31-12-2025 07:39
298,257,26,09-04-2026 04:59,Completed,6499,324.95,6174.05,Card,31-12-2025 07:39
299,258,27,12-02-2025 20:16,Completed,4999,499.9,4499.1,UPI,31-12-2025 07:39
300,259,4,28-06-2025 10:59,Completed,3299,659.8,2639.2,NetBanking,31-12-2025 07:39
301,260,9,24-03-2026 21:17,Pending,3799,759.8,3039.2,UPI,31-12-2025 07:39
302,261,18,13-10-2026 09:44,Completed,2499,249.9,2249.1,Card,31-12-2025 07:39
303,262,11,30-05-2026 11:33,Completed,3999,799.8,3199.2,Card,31-12-2025 07:39
304,263,10,10-04-2026 17:43,Completed,3999,399.9,3599.1,Card,31-12-2025 07:39
305,264,19,30-06-2025 23:19,Completed,1999,99.95,1899.05,UPI,31-12-2025 07:39
306,265,15,07-09-2026 17:31,Completed,4499,224.95,4274.05,Card,31-12-2025 07:39
307,266,1,15-09-2025 16:29,Completed,2999,149.95,2849.05,UPI,31-12-2025 07:39
308,267,23,09-04-2025 00:58,Completed,4499,449.9,4049.1,Card,31-12-2025 07:39
309,268,16,19-05-2026 20:57,Completed,4799,479.9,4319.1,NetBanking,31-12-2025 07:39
310,269,9,27-07-2026 04:01,Pending,3799,189.95,3609.05,Card,31-12-2025 07:39
311,270,27,08-06-2026 08:41,Completed,4999,249.95,4749.05,UPI,31-12-2025 07:39
312,271,8,20-06-2026 20:44,Completed,3499,174.95,3324.05,NetBanking,31-12-2025 07:39
313,272,26,30-03-2026 09:38,Completed,6499,1299.8,5199.2,UPI,31-12-2025 07:39
314,273,30,04-07-2025 04:31,Pending,7999,799.9,7199.1,NetBanking,31-12-2025 07:39
315,274,20,10-06-2026 22:23,Completed,7999,1599.8,6399.2,UPI,31-12-2025 07:39
316,275,2,16-08-2025 21:57,Completed,3499,174.95,3324.05,UPI,31-12-2025 07:39
317,276,18,09-03-2026 12:59,Pending,2499,124.95,2374.05,Card,31-12-2025 07:39
318,276,26,07-01-2025 01:16,Completed,6499,324.95,6174.05,Card,31-12-2025 07:39
319,276,22,13-01-2025 02:09,Completed,3299,164.95,3134.05,UPI,31-12-2025 07:39
320,276,19,21-02-2025 15:26,Pending,1999,99.95,1899.05,UPI,31-12-2025 07:39
321,277,7,10-12-2025 08:43,Completed,3999,399.9,3599.1,NetBanking,31-12-2025 07:39
322,278,30,11-10-2026 20:30,Pending,7999,399.95,7599.05,NetBanking,31-12-2025 07:39
323,279,23,19-08-2025 01:56,Completed,4499,449.9,4049.1,UPI,31-12-2025 07:39
324,280,26,30-08-2026 00:19,Completed,6499,649.9,5849.1,Card,31-12-2025 07:39
325,281,25,27-08-2026 12:47,Completed,6999,349.95,6649.05,Card,31-12-2025 07:39
326,282,2,15-04-2026 09:35,Completed,3499,699.8,2799.2,Card,31-12-2025 07:39
327,283,5,14-08-2026 16:07,Completed,4999,499.9,4499.1,NetBanking,31-12-2025 07:39
328,284,14,30-11-2026 04:01,Completed,4999,999.8,3999.2,UPI,31-12-2025 07:39
329,285,5,03-08-2025 23:21,Completed,4999,999.8,3999.2,UPI,31-12-2025 07:39
330,286,19,24-06-2025 02:12,Pending,1999,399.8,1599.2,NetBanking,31-12-2025 07:39
331,287,12,13-08-2025 03:44,Completed,5499,1099.8,4399.2,Card,31-12-2025 07:39
332,288,7,19-04-2025 00:57,Completed,3999,799.8,3199.2,Card,31-12-2025 07:39
333,289,27,07-09-2026 06:37,Pending,4999,999.8,3999.2,Card,31-12-2025 07:39
334,290,12,17-09-2025 18:31,Completed,5499,549.9,4949.1,NetBanking,31-12-2025 07:39
335,291,6,07-12-2025 23:32,Pending,6999,699.9,6299.1,UPI,31-12-2025 07:39
336,292,24,17-06-2025 16:22,Completed,2499,499.8,1999.2,UPI,31-12-2025 07:39
337,293,1,18-01-2026 17:04,Completed,2999,299.9,2699.1,Card,31-12-2025 07:39
338,294,22,03-02-2025 19:49,Completed,3299,659.8,2639.2,NetBanking,31-12-2025 07:39
339,295,23,21-07-2026 00:27,Completed,4499,224.95,4274.05,UPI,31-12-2025 07:39
340,296,17,28-10-2026 06:07,Completed,4599,919.8,3679.2,NetBanking,31-12-2025 07:39
341,297,14,30-05-2026 00:46,Completed,4999,249.95,4749.05,Card,31-12-2025 07:39
342,298,30,20-12-2025 10:03,Completed,7999,1599.8,6399.2,UPI,31-12-2025 07:39
343,299,28,10-04-2026 06:18,Completed,3999,399.9,3599.1,NetBanking,31-12-2025 07:39
344,299,16,16-11-2025 05:58,Completed,4799,479.9,4319.1,Card,31-12-2025 07:39
345,300,26,30-04-2025 03:30,Completed,6499,649.9,5849.1,Card,31-12-2025 07:39
346,301,29,25-08-2025 17:33,Completed,5499,1099.8,4399.2,NetBanking,31-12-2025 07:39
347,302,5,08-12-2025 09:28,Completed,4999,499.9,4499.1,NetBanking,31-12-2025 07:39
348,303,27,28-12-2025 10:56,Pending,4999,499.9,4499.1,UPI,31-12-2025 07:39
349,304,11,18-12-2026 05:12,Completed,3999,199.95,3799.05,NetBanking,31-12-2025 07:39
350,305,13,27-05-2026 19:51,Pending,5999,599.9,5399.1,NetBanking,31-12-2025 07:39
351,306,3,28-01-2025 05:59,Completed,2999,299.9,2699.1,Card,31-12-2025 07:39
352,307,1,26-03-2026 17:09,Pending,2999,599.8,2399.2,Card,31-12-2025 07:39
353,308,10,12-10-2025 22:05,Completed,3999,399.9,3599.1,UPI,31-12-2025 07:39
354,309,27,16-04-2025 18:49,Completed,4999,499.9,4499.1,NetBanking,31-12-2025 07:39
355,310,25,14-11-2025 18:01,Pending,6999,349.95,6649.05,UPI,31-12-2025 07:39
356,311,9,01-01-2026 07:51,Completed,3799,189.95,3609.05,UPI,31-12-2025 07:39
357,312,2,27-02-2026 11:11,Completed,3499,174.95,3324.05,NetBanking,31-12-2025 07:39
358,313,23,26-11-2025 01:46,Completed,4499,449.9,4049.1,NetBanking,31-12-2025 07:39
359,314,11,29-07-2025 23:08,Completed,3999,199.95,3799.05,NetBanking,31-12-2025 07:39
360,315,4,08-07-2025 02:37,Completed,3299,329.9,2969.1,NetBanking,31-12-2025 07:39
361,316,20,24-05-2026 02:32,Pending,7999,1599.8,6399.2,Card,31-12-2025 07:39
362,317,17,09-11-2025 21:36,Completed,4599,459.9,4139.1,UPI,31-12-2025 07:39
363,318,8,22-09-2026 19:39,Completed,3499,349.9,3149.1,NetBanking,31-12-2025 07:39
364,319,29,07-03-2025 06:18,Completed,5499,274.95,5224.05,UPI,31-12-2025 07:39
365,320,18,10-06-2026 04:28,Completed,2499,499.8,1999.2,UPI,31-12-2025 07:39
366,321,21,01-11-2025 11:49,Completed,2999,149.95,2849.05,Card,31-12-2025 07:39
367,322,6,23-04-2026 10:41,Pending,6999,1399.8,5599.2,UPI,31-12-2025 07:39
368,323,20,01-07-2025 12:17,Completed,7999,399.95,7599.05,NetBanking,31-12-2025 07:39
369,324,13,10-06-2026 01:19,Completed,5999,599.9,5399.1,Card,31-12-2025 07:39
370,324,15,30-05-2026 15:42,Pending,4499,449.9,4049.1,Card,31-12-2025 07:39
371,324,11,17-07-2026 02:03,Completed,3999,399.9,3599.1,UPI,31-12-2025 07:39
372,324,16,05-04-2025 04:20,Completed,4799,479.9,4319.1,UPI,31-12-2025 07:39
373,325,15,02-03-2026 18:19,Completed,4499,449.9,4049.1,NetBanking,31-12-2025 07:39
374,326,22,13-02-2026 11:43,Completed,3299,659.8,2639.2,NetBanking,31-12-2025 07:39
375,327,7,03-09-2026 03:39,Completed,3999,199.95,3799.05,Card,31-12-2025 07:39
376,328,28,13-12-2026 00:37,Completed,3999,399.9,3599.1,Card,31-12-2025 07:39
377,329,6,21-08-2025 01:13,Completed,6999,349.95,6649.05,NetBanking,31-12-2025 07:39
378,330,23,12-12-2025 20:34,Pending,4499,224.95,4274.05,UPI,31-12-2025 07:39
379,331,14,28-11-2026 08:53,Completed,4999,999.8,3999.2,NetBanking,31-12-2025 07:39
380,332,30,06-11-2025 11:03,Pending,7999,1599.8,6399.2,UPI,31-12-2025 07:39
381,333,30,23-01-2025 14:33,Completed,7999,799.9,7199.1,UPI,31-12-2025 07:39
382,334,12,06-11-2026 04:41,Completed,5499,1099.8,4399.2,NetBanking,31-12-2025 07:39
383,335,7,05-12-2025 03:46,Completed,3999,399.9,3599.1,Card,31-12-2025 07:39
384,336,22,15-05-2025 11:16,Completed,3299,164.95,3134.05,NetBanking,31-12-2025 07:39
385,337,27,13-03-2026 09:15,Completed,4999,999.8,3999.2,Card,31-12-2025 07:39
386,338,14,07-04-2025 11:22,Completed,4999,999.8,3999.2,Card,31-12-2025 07:39
387,339,16,29-06-2025 14:47,Completed,4799,239.95,4559.05,Card,31-12-2025 07:39
388,340,12,15-04-2025 07:44,Pending,5499,274.95,5224.05,Card,31-12-2025 07:39
389,341,24,06-10-2025 11:37,Completed,2499,499.8,1999.2,NetBanking,31-12-2025 07:39
390,342,7,07-05-2025 07:36,Completed,3999,199.95,3799.05,NetBanking,31-12-2025 07:39
391,343,8,22-01-2025 08:30,Completed,3499,699.8,2799.2,UPI,31-12-2025 07:39
392,344,15,17-10-2026 16:42,Completed,4499,224.95,4274.05,NetBanking,31-12-2025 07:39
393,345,1,06-11-2025 23:16,Pending,2999,299.9,2699.1,NetBanking,31-12-2025 07:39
394,346,12,11-04-2025 09:35,Completed,5499,549.9,4949.1,UPI,31-12-2025 07:39
395,347,29,14-07-2026 12:30,Completed,5499,1099.8,4399.2,NetBanking,31-12-2025 07:39
396,348,4,30-05-2025 08:56,Completed,3299,329.9,2969.1,Card,31-12-2025 07:39
397,349,24,09-03-2025 02:42,Completed,2499,124.95,2374.05,NetBanking,31-12-2025 07:39
398,350,18,01-11-2026 03:28,Completed,2499,499.8,1999.2,Card,31-12-2025 07:39
399,351,19,27-04-2026 18:14,Completed,1999,199.9,1799.1,NetBanking,31-12-2025 07:39
400,352,20,12-10-2026 22:52,Completed,7999,799.9,7199.1,UPI,31-12-2025 07:39
401,353,26,06-12-2026 12:44,Completed,6499,1299.8,5199.2,UPI,31-12-2025 07:39
402,354,8,15-05-2026 02:48,Completed,3499,174.95,3324.05,UPI,31-12-2025 07:39
403,354,24,04-01-2025 21:40,Completed,2499,124.95,2374.05,NetBanking,31-12-2025 07:39
404,354,28,21-03-2025 06:13,Completed,3999,199.95,3799.05,Card,31-12-2025 07:39
405,355,25,26-02-2025 08:26,Completed,6999,699.9,6299.1,UPI,31-12-2025 07:39
406,356,11,16-04-2025 19:54,Pending,3999,799.8,3199.2,Card,31-12-2025 07:39
407,357,6,14-04-2026 05:27,Completed,6999,1399.8,5599.2,UPI,31-12-2025 07:39
408,358,29,06-03-2026 17:48,Pending,5499,1099.8,4399.2,NetBanking,31-12-2025 07:39
409,359,20,30-01-2025 17:32,Pending,7999,799.9,7199.1,NetBanking,31-12-2025 07:39
410,360,26,22-04-2026 21:49,Completed,6499,1299.8,5199.2,NetBanking,31-12-2025 07:39
411,361,2,03-06-2025 10:31,Completed,3499,349.9,3149.1,UPI,31-12-2025 07:39
412,362,9,08-02-2025 00:01,Completed,3799,189.95,3609.05,Card,31-12-2025 07:39
413,363,18,11-03-2025 14:39,Completed,2499,499.8,1999.2,UPI,31-12-2025 07:39
414,364,2,31-07-2025 09:14,Completed,3499,174.95,3324.05,Card,31-12-2025 07:39
415,365,26,01-12-2025 23:17,Pending,6499,1299.8,5199.2,NetBanking,31-12-2025 07:39
416,366,1,01-05-2025 21:43,Completed,2999,149.95,2849.05,NetBanking,31-12-2025 07:39
417,367,11,19-04-2026 09:30,Completed,3999,799.8,3199.2,UPI,31-12-2025 07:39
418,368,19,22-06-2026 09:53,Refunded,1999,99.95,1899.05,UPI,31-12-2025 07:39
419,369,16,15-01-2025 11:20,Completed,4799,239.95,4559.05,Card,31-12-2025 07:39
420,370,4,08-08-2026 10:37,Completed,3299,659.8,2639.2,NetBanking,31-12-2025 07:39
421,371,21,18-11-2026 06:18,Pending,2999,149.95,2849.05,UPI,31-12-2025 07:39
422,371,22,31-05-2025 14:43,Completed,3299,164.95,3134.05,Card,31-12-2025 07:39
423,371,10,21-07-2026 10:56,Pending,3999,199.95,3799.05,UPI,31-12-2025 07:39
424,371,16,28-04-2026 09:24,Completed,4799,239.95,4559.05,UPI,31-12-2025 07:39
425,372,23,28-12-2025 21:18,Completed,4499,449.9,4049.1,UPI,31-12-2025 07:39
426,373,30,20-08-2026 04:11,Pending,7999,799.9,7199.1,NetBanking,31-12-2025 07:39
427,374,24,08-10-2025 07:58,Completed,2499,249.9,2249.1,NetBanking,31-12-2025 07:39
428,375,29,22-08-2026 14:12,Completed,5499,274.95,5224.05,Card,31-12-2025 07:39
429,375,20,19-07-2025 16:04,Completed,7999,399.95,7599.05,Card,31-12-2025 07:39
430,375,24,17-05-2026 10:22,Pending,2499,124.95,2374.05,NetBanking,31-12-2025 07:39
431,376,15,09-03-2025 11:39,Completed,4499,224.95,4274.05,UPI,31-12-2025 07:39
432,377,9,31-12-2025 10:46,Pending,3799,189.95,3609.05,Card,31-12-2025 07:39
433,378,28,23-08-2026 01:37,Completed,3999,199.95,3799.05,Card,31-12-2025 07:39
434,379,18,03-12-2025 00:37,Completed,2499,249.9,2249.1,UPI,31-12-2025 07:39
435,380,25,03-04-2025 18:55,Completed,6999,349.95,6649.05,Card,31-12-2025 07:39
436,381,15,17-06-2026 14:31,Completed,4499,449.9,4049.1,NetBanking,31-12-2025 07:39
437,382,22,24-01-2025 21:49,Pending,3299,329.9,2969.1,Card,31-12-2025 07:39
438,383,1,01-08-2026 12:41,Pending,2999,149.95,2849.05,Card,31-12-2025 07:39
439,384,19,28-12-2025 18:18,Completed,1999,399.8,1599.2,Card,31-12-2025 07:39
440,385,17,18-11-2025 00:17,Pending,4599,459.9,4139.1,NetBanking,31-12-2025 07:39
441,386,12,24-12-2026 18:41,Completed,5499,274.95,5224.05,UPI,31-12-2025 07:39
442,387,12,28-12-2026 17:40,Pending,5499,1099.8,4399.2,NetBanking,31-12-2025 07:39
443,388,9,30-04-2026 21:21,Pending,3799,379.9,3419.1,NetBanking,31-12-2025 07:39
444,389,17,28-10-2026 05:38,Pending,4599,229.95,4369.05,Card,31-12-2025 07:39
445,390,10,06-05-2026 11:49,Pending,3999,199.95,3799.05,Card,31-12-2025 07:39
446,391,21,02-06-2025 23:55,Completed,2999,599.8,2399.2,Card,31-12-2025 07:39
447,392,10,16-09-2025 19:02,Completed,3999,799.8,3199.2,UPI,31-12-2025 07:39
448,392,25,20-12-2025 12:39,Pending,6999,1399.8,5599.2,UPI,31-12-2025 07:39
449,392,5,08-07-2025 17:19,Completed,4999,999.8,3999.2,Card,31-12-2025 07:39
450,392,16,20-12-2026 03:49,Completed,4799,959.8,3839.2,Card,31-12-2025 07:39
451,393,8,05-10-2025 21:16,Completed,3499,174.95,3324.05,NetBanking,31-12-2025 07:39
452,394,14,22-03-2025 21:41,Completed,4999,249.95,4749.05,Card,31-12-2025 07:39
453,395,24,09-04-2025 16:56,Completed,2499,249.9,2249.1,UPI,31-12-2025 07:39
454,396,21,22-05-2025 15:26,Completed,2999,149.95,2849.05,NetBanking,31-12-2025 07:39
455,397,14,03-10-2025 03:38,Completed,4999,249.95,4749.05,Card,31-12-2025 07:39
456,398,16,10-04-2026 16:45,Completed,4799,959.8,3839.2,NetBanking,31-12-2025 07:39
457,399,25,07-05-2026 21:58,Completed,6999,349.95,6649.05,NetBanking,31-12-2025 07:39
458,400,16,25-07-2026 05:06,Completed,4799,479.9,4319.1,UPI,31-12-2025 07:39
459,401,13,26-05-2025 11:40,Completed,5999,299.95,5699.05,Card,31-12-2025 07:39
460,402,15,17-09-2025 17:14,Completed,4499,224.95,4274.05,Card,31-12-2025 07:39
461,403,19,10-09-2025 19:33,Completed,1999,99.95,1899.05,UPI,31-12-2025 07:39
462,404,14,31-12-2026 00:44,Completed,4999,249.95,4749.05,NetBanking,31-12-2025 07:39
463,405,1,24-07-2026 14:20,Pending,2999,599.8,2399.2,Card,31-12-2025 07:39
464,406,20,04-02-2026 13:44,Completed,7999,399.95,7599.05,NetBanking,31-12-2025 07:39
465,407,7,02-04-2025 09:58,Pending,3999,199.95,3799.05,Card,31-12-2025 07:39
466,408,23,17-06-2026 23:21,Completed,4499,899.8,3599.2,Card,31-12-2025 07:39
467,409,21,01-05-2026 04:48,Completed,2999,149.95,2849.05,Card,31-12-2025 07:39
468,409,4,06-09-2025 11:04,Completed,3299,164.95,3134.05,NetBanking,31-12-2025 07:39
469,409,15,26-12-2025 08:42,Completed,4499,224.95,4274.05,NetBanking,31-12-2025 07:39
470,409,5,17-05-2026 09:13,Completed,4999,249.95,4749.05,UPI,31-12-2025 07:39
471,410,18,29-08-2025 07:04,Completed,2499,124.95,2374.05,Card,31-12-2025 07:39
472,411,11,05-05-2026 21:52,Completed,3999,199.95,3799.05,UPI,31-12-2025 07:39
473,411,10,02-03-2025 11:56,Completed,3999,199.95,3799.05,UPI,31-12-2025 07:39
474,411,29,09-08-2025 00:29,Pending,5499,274.95,5224.05,NetBanking,31-12-2025 07:39
475,411,16,07-08-2025 06:55,Completed,4799,239.95,4559.05,Card,31-12-2025 07:39
476,412,16,12-10-2026 17:23,Completed,4799,479.9,4319.1,NetBanking,31-12-2025 07:39
477,413,10,19-03-2026 22:35,Completed,3999,399.9,3599.1,NetBanking,31-12-2025 07:39
478,414,16,24-12-2026 05:27,Pending,4799,959.8,3839.2,Card,31-12-2025 07:39
479,414,13,30-06-2026 14:14,Completed,5999,1199.8,4799.2,Card,31-12-2025 07:39
480,415,27,28-10-2025 09:29,Completed,4999,499.9,4499.1,NetBanking,31-12-2025 07:39
481,416,26,20-07-2025 13:12,Pending,6499,324.95,6174.05,NetBanking,31-12-2025 07:39
482,417,29,15-11-2025 13:09,Pending,5499,1099.8,4399.2,NetBanking,31-12-2025 07:39
483,418,1,28-03-2026 19:48,Completed,2999,149.95,2849.05,NetBanking,31-12-2025 07:39
484,419,6,11-09-2026 08:52,Completed,6999,699.9,6299.1,UPI,31-12-2025 07:39
485,420,20,27-05-2026 10:03,Completed,7999,399.95,7599.05,NetBanking,31-12-2025 07:39
486,421,25,18-03-2025 15:55,Pending,6999,1399.8,5599.2,UPI,31-12-2025 07:39
487,422,3,23-02-2026 04:45,Completed,2999,299.9,2699.1,UPI,31-12-2025 07:39
488,423,24,26-01-2025 12:56,Completed,2499,499.8,1999.2,NetBanking,31-12-2025 07:39
489,424,19,30-06-2026 04:52,Completed,1999,99.95,1899.05,UPI,31-12-2025 07:39
490,425,3,03-01-2026 14:55,Completed,2999,299.9,2699.1,UPI,31-12-2025 07:39
491,426,2,01-08-2025 08:03,Pending,3499,699.8,2799.2,NetBanking,31-12-2025 07:39
492,427,8,24-10-2025 08:34,Completed,3499,174.95,3324.05,Card,31-12-2025 07:39
493,428,1,21-08-2025 00:32,Pending,2999,299.9,2699.1,NetBanking,31-12-2025 07:39
494,428,4,30-10-2025 07:30,Completed,3299,329.9,2969.1,Card,31-12-2025 07:39
495,428,30,06-02-2025 18:26,Completed,7999,799.9,7199.1,UPI,31-12-2025 07:39
496,428,9,27-01-2025 08:07,Completed,3799,379.9,3419.1,Card,31-12-2025 07:39
497,428,26,22-03-2025 06:25,Completed,6499,649.9,5849.1,UPI,31-12-2025 07:39
498,429,9,19-01-2025 04:25,Completed,3799,379.9,3419.1,Card,31-12-2025 07:39
499,429,24,13-05-2025 08:48,Pending,2499,249.9,2249.1,NetBanking,31-12-2025 07:39
500,429,26,20-04-2025 07:06,Pending,6499,649.9,5849.1,Card,31-12-2025 07:39
501,429,25,25-05-2026 09:44,Completed,6999,699.9,6299.1,UPI,31-12-2025 07:39
502,430,24,10-04-2025 00:00,Pending,2499,249.9,2249.1,UPI,31-12-2025 07:39
503,431,16,08-04-2026 17:58,Completed,4799,239.95,4559.05,UPI,31-12-2025 07:39
504,432,13,24-07-2026 05:22,Completed,5999,599.9,5399.1,UPI,31-12-2025 07:39
505,433,4,19-08-2026 08:54,Completed,3299,329.9,2969.1,Card,31-12-2025 07:39
506,434,19,09-07-2026 00:20,Pending,1999,199.9,1799.1,NetBanking,31-12-2025 07:39
507,435,6,01-01-2025 18:19,Completed,6999,349.95,6649.05,UPI,31-12-2025 07:39
508,436,1,03-10-2025 05:23,Completed,2999,149.95,2849.05,NetBanking,31-12-2025 07:39
509,437,20,21-12-2025 21:01,Completed,7999,799.9,7199.1,Card,31-12-2025 07:39
510,438,5,14-01-2025 07:18,Pending,4999,999.8,3999.2,NetBanking,31-12-2025 07:39
511,439,13,20-06-2025 21:19,Completed,5999,1199.8,4799.2,NetBanking,31-12-2025 07:39
512,440,29,05-05-2025 18:04,Completed,5499,549.9,4949.1,UPI,31-12-2025 07:39
513,440,12,12-04-2025 06:05,Completed,5499,549.9,4949.1,NetBanking,31-12-2025 07:39
514,440,22,03-03-2026 02:21,Completed,3299,329.9,2969.1,Card,31-12-2025 07:39
515,440,9,22-11-2025 06:04,Completed,3799,379.9,3419.1,UPI,31-12-2025 07:39
516,441,2,19-01-2026 19:37,Pending,3499,699.8,2799.2,NetBanking,31-12-2025 07:39
517,442,11,01-02-2026 03:42,Completed,3999,399.9,3599.1,Card,31-12-2025 07:39
518,443,18,27-01-2026 23:43,Completed,2499,499.8,1999.2,NetBanking,31-12-2025 07:39
519,444,24,15-03-2025 23:28,Completed,2499,124.95,2374.05,UPI,31-12-2025 07:39
520,445,8,16-09-2025 20:24,Completed,3499,699.8,2799.2,Card,31-12-2025 07:39
521,446,28,21-05-2026 12:22,Completed,3999,199.95,3799.05,Card,31-12-2025 07:39
522,447,19,03-06-2026 05:13,Completed,1999,399.8,1599.2,UPI,31-12-2025 07:39
523,448,22,09-02-2026 13:42,Completed,3299,329.9,2969.1,Card,31-12-2025 07:39
524,449,25,03-11-2026 11:34,Pending,6999,1399.8,5599.2,UPI,31-12-2025 07:39
525,449,21,17-07-2025 01:52,Pending,2999,599.8,2399.2,NetBanking,31-12-2025 07:39
526,449,30,04-08-2025 22:04,Completed,7999,1599.8,6399.2,Card,31-12-2025 07:39
527,449,7,01-10-2026 11:10,Completed,3999,799.8,3199.2,UPI,31-12-2025 07:39
528,449,9,05-12-2025 05:53,Completed,3799,759.8,3039.2,Card,31-12-2025 07:39
529,450,27,30-07-2025 22:35,Completed,4999,249.95,4749.05,UPI,31-12-2025 07:39
530,451,14,08-02-2025 23:27,Completed,4999,499.9,4499.1,Card,31-12-2025 07:39
531,452,20,12-11-2025 14:59,Completed,7999,1599.8,6399.2,NetBanking,31-12-2025 07:39
532,453,21,16-03-2026 03:44,Pending,2999,149.95,2849.05,UPI,31-12-2025 07:39
533,454,7,21-07-2026 04:35,Pending,3999,199.95,3799.05,UPI,31-12-2025 07:39
534,455,29,11-11-2025 20:47,Completed,5499,1099.8,4399.2,NetBanking,31-12-2025 07:39
535,456,25,26-06-2026 16:26,Refunded,6999,349.95,6649.05,NetBanking,31-12-2025 07:39
536,457,25,06-10-2025 06:34,Pending,6999,349.95,6649.05,NetBanking,31-12-2025 07:39
537,458,6,16-09-2025 21:27,Completed,6999,1399.8,5599.2,NetBanking,31-12-2025 07:39
538,458,17,25-12-2026 19:03,Pending,4599,919.8,3679.2,UPI,31-12-2025 07:39
539,458,4,07-12-2026 18:59,Completed,3299,659.8,2639.2,NetBanking,31-12-2025 07:39
540,459,3,21-12-2026 02:45,Completed,2999,149.95,2849.05,NetBanking,31-12-2025 07:39
541,459,19,05-06-2025 08:58,Completed,1999,99.95,1899.05,Card,31-12-2025 07:39
542,459,22,19-04-2025 17:49,Completed,3299,164.95,3134.05,UPI,31-12-2025 07:39
543,459,23,15-02-2025 05:11,Completed,4499,224.95,4274.05,Card,31-12-2025 07:39
544,460,5,01-12-2025 22:13,Pending,4999,249.95,4749.05,NetBanking,31-12-2025 07:39
545,461,18,12-01-2025 17:52,Completed,2499,249.9,2249.1,NetBanking,31-12-2025 07:39
546,462,19,29-05-2026 10:47,Completed,1999,199.9,1799.1,NetBanking,31-12-2025 07:39
547,463,6,31-07-2025 03:22,Pending,6999,699.9,6299.1,UPI,31-12-2025 07:39
548,464,8,04-01-2026 00:31,Completed,3499,349.9,3149.1,UPI,31-12-2025 07:39
549,464,13,11-02-2026 06:29,Completed,5999,599.9,5399.1,Card,31-12-2025 07:39
550,464,1,28-09-2025 04:10,Completed,2999,299.9,2699.1,UPI,31-12-2025 07:39
551,464,7,27-10-2026 07:14,Pending,3999,399.9,3599.1,UPI,31-12-2025 07:39
552,464,4,06-09-2025 13:21,Completed,3299,329.9,2969.1,Card,31-12-2025 07:39
553,465,16,23-06-2025 19:46,Pending,4799,239.95,4559.05,Card,31-12-2025 07:39
554,466,26,14-12-2026 06:26,Pending,6499,324.95,6174.05,Card,31-12-2025 07:39
555,467,23,21-05-2026 02:51,Pending,4499,224.95,4274.05,Card,31-12-2025 07:39
556,468,4,31-10-2026 17:51,Completed,3299,329.9,2969.1,Card,31-12-2025 07:39
557,468,18,12-08-2026 22:29,Completed,2499,249.9,2249.1,Card,31-12-2025 07:39
558,468,24,13-06-2025 13:30,Pending,2499,249.9,2249.1,UPI,31-12-2025 07:39
559,468,23,03-06-2026 13:25,Pending,4499,449.9,4049.1,Card,31-12-2025 07:39
560,468,17,28-10-2025 18:42,Completed,4599,459.9,4139.1,Card,31-12-2025 07:39
561,469,22,21-10-2026 10:41,Completed,3299,329.9,2969.1,NetBanking,31-12-2025 07:39
562,470,2,01-05-2025 17:22,Completed,3499,349.9,3149.1,NetBanking,31-12-2025 07:39
563,471,2,29-04-2026 10:15,Completed,3499,699.8,2799.2,Card,31-12-2025 07:39
564,471,30,07-11-2025 06:28,Completed,7999,1599.8,6399.2,Card,31-12-2025 07:39
565,471,13,16-11-2025 16:05,Pending,5999,1199.8,4799.2,UPI,31-12-2025 07:39
566,472,26,10-06-2026 02:33,Completed,6499,324.95,6174.05,UPI,31-12-2025 07:39
567,473,21,28-01-2025 22:05,Pending,2999,149.95,2849.05,NetBanking,31-12-2025 07:39
568,474,24,10-12-2025 08:02,Completed,2499,249.9,2249.1,NetBanking,31-12-2025 07:39
569,475,25,16-08-2025 00:22,Completed,6999,1399.8,5599.2,Card,31-12-2025 07:39
570,476,3,09-01-2025 11:28,Completed,2999,149.95,2849.05,NetBanking,31-12-2025 07:39
571,477,7,28-05-2026 23:36,Completed,3999,199.95,3799.05,UPI,31-12-2025 07:39
572,478,18,26-04-2025 03:11,Pending,2499,249.9,2249.1,UPI,31-12-2025 07:39
573,479,15,19-03-2025 16:13,Completed,4499,899.8,3599.2,NetBanking,31-12-2025 07:39
574,480,6,22-03-2026 01:31,Completed,6999,699.9,6299.1,NetBanking,31-12-2025 07:39
575,480,16,23-05-2025 23:16,Completed,4799,479.9,4319.1,Card,31-12-2025 07:39
576,480,28,12-12-2026 02:57,Completed,3999,399.9,3599.1,NetBanking,31-12-2025 07:39
577,480,18,02-11-2025 03:41,Completed,2499,249.9,2249.1,Card,31-12-2025 07:39
578,481,7,21-02-2025 12:35,Completed,3999,399.9,3599.1,NetBanking,31-12-2025 07:39
579,482,29,10-07-2025 07:26,Pending,5499,549.9,4949.1,UPI,31-12-2025 07:39
580,483,29,07-03-2025 21:24,Completed,5499,549.9,4949.1,UPI,31-12-2025 07:39
581,484,5,28-12-2026 18:09,Completed,4999,999.8,3999.2,NetBanking,31-12-2025 07:39
582,485,23,06-05-2026 06:16,Completed,4499,449.9,4049.1,NetBanking,31-12-2025 07:39
583,486,4,16-12-2025 16:45,Completed,3299,329.9,2969.1,NetBanking,31-12-2025 07:39
584,487,8,19-03-2026 05:21,Pending,3499,699.8,2799.2,NetBanking,31-12-2025 07:39
585,488,23,19-10-2026 00:11,Pending,4499,449.9,4049.1,Card,31-12-2025 07:39
586,489,15,28-12-2026 11:17,Pending,4499,224.95,4274.05,Card,31-12-2025 07:39
587,490,20,12-06-2025 00:52,Completed,7999,1599.8,6399.2,Card,31-12-2025 07:39
588,491,30,03-04-2026 07:33,Completed,7999,399.95,7599.05,Card,31-12-2025 07:39
589,492,9,24-06-2026 11:49,Pending,3799,189.95,3609.05,NetBanking,31-12-2025 07:39
590,493,27,13-02-2026 02:47,Completed,4999,249.95,4749.05,NetBanking,31-12-2025 07:39
591,494,13,19-04-2025 03:39,Completed,5999,599.9,5399.1,Card,31-12-2025 07:39
592,495,11,22-02-2025 04:29,Completed,3999,199.95,3799.05,Card,31-12-2025 07:39
593,496,17,26-05-2026 23:59,Completed,4599,919.8,3679.2,NetBanking,31-12-2025 07:39
594,496,14,03-06-2026 04:57,Completed,4999,999.8,3999.2,UPI,31-12-2025 07:39
595,496,18,16-02-2026 02:25,Completed,2499,499.8,1999.2,NetBanking,31-12-2025 07:39
596,496,22,05-05-2025 00:35,Completed,3299,659.8,2639.2,UPI,31-12-2025 07:39
597,497,22,08-08-2025 05:59,Completed,3299,659.8,2639.2,Card,31-12-2025 07:39
598,498,13,23-02-2025 07:17,Completed,5999,1199.8,4799.2,UPI,31-12-2025 07:39
599,499,24,28-02-2025 08:11,Completed,2499,499.8,1999.2,UPI,31-12-2025 07:39
600,500,13,05-02-2026 18:39,Completed,5999,299.95,5699.05,Card,31-12-2025 07:39
