payment_id,order_id,payment_date,payment_status
1,1,09-02-2026 09:46,Pending
2,2,06-12-2026 01:56,Pending
3,3,08-11-2026 01:45,Pending
4,4,04-05-2025 22:28,Pending
5,5,15-12-2026 01:36,Success
6,6,04-01-2026 15:59,Success
7,7,13-11-2025 00:22,Pending
8,8,06-05-2026 04:49,Success
9,9,05-06-2025 01:46,Pending
10,10,05-05-2026 17:17,Failed
11,11,01-06-2025 14:47,Pending
12,12,15-09-2025 13:34,Success
13,13,14-08-2026 14:53,Pending
14,14,26-09-2025 22:41,Success
15,15,26-05-2025 14:49,Success
16,16,17-05-2025 18:05,Pending
17,17,01-02-2025 12:29,Pending
18,18,08-11-2026 00:51,Pending
19,19,21-01-2026 21:22,Success
20,20,21-07-2026 16:26,Pending
21,21,17-04-2026 23:59,Success
22,22,02-03-2026 01:30,Pending
23,23,01-11-2025 10:46,Success
24,24,20-05-2026 10:28,Success
25,25,05-03-2025 09:45,Pending
26,26,27-05-2026 06:51,Success
27,27,19-02-2026 18:05,Success
28,28,26-01-2025 06:52,Pending
29,29,26-10-2025 08:28,Success
30,30,22-07-2025 07:53,Success
31,31,29-10-2025 16:54,Pending
32,32,05-07-2026 03:00,Pending
33,33,26-11-2026 14:59,Pending
34,34,02-03-2026 21:41,Success
35,35,25-03-2025 19:17,Pending
36,36,12-10-2025 11:51,Pending
37,37,24-06-2026 15:49,Pending
38,38,13-12-2025 23:53,Pending
39,39,05-05-2025 09:55,Success
40,40,05-04-2026 17:58,Success
41,41,29-10-2026 17:14,Pending
42,42,25-10-2025 10:54,Pending
43,43,24-06-2025 14:53,Success
44,44,08-01-2025 13:07,Pending
45,45,03-03-2026 22:30,Success
46,46,20-08-2025 02:56,Pending
47,47,14-01-2025 07:39,Pending
48,48,18-10-2026 09:55,Pending
49,49,18-02-2026 01:08,Pending
50,50,21-10-2026 06:42,Success
51,51,30-04-2026 18:33,Success
52,52,21-09-2026 10:06,Pending
53,53,19-12-2025 20:10,Success
54,54,13-04-2026 14:43,Success
55,55,25-09-2025 01:53,Pending
56,56,12-02-2025 16:31,Pending
57,57,18-07-2026 12:04,Pending
58,58,04-12-2025 20:03,Pending
59,59,08-08-2026 07:06,Pending
60,60,01-02-2025 20:25,Pending
61,61,31-07-2025 23:10,Pending
62,62,11-01-2026 05:25,Pending
63,63,10-12-2026 04:25,Pending
64,64,31-07-2026 20:39,Pending
65,65,06-02-2026 11:50,Success
66,66,19-04-2025 10:44,Pending
67,67,26-05-2025 16:29,Pending
68,68,10-10-2026 17:28,Success
69,69,27-08-2025 19:27,Success
70,70,20-06-2025 20:48,Success
71,71,28-04-2026 16:02,Success
72,72,09-02-2026 17:29,Pending
73,73,31-12-2025 10:46,Success
74,74,13-09-2025 16:41,Pending
75,75,06-04-2026 04:09,Success
76,76,13-06-2025 12:53,Success
77,77,05-04-2026 20:12,Success
78,78,28-11-2025 11:24,Pending
79,79,01-10-2026 21:22,Success
80,80,12-03-2026 01:56,Pending
81,81,15-03-2025 09:28,Pending
82,82,04-04-2026 15:03,Success
83,83,24-03-2026 21:10,Success
84,84,13-08-2025 04:25,Pending
85,85,15-10-2025 01:41,Pending
86,86,28-07-2025 11:00,Success
87,87,09-01-2026 13:10,Success
88,88,07-02-2026 10:50,Success
89,89,26-12-2026 05:17,Success
90,90,24-03-2026 01:12,Success
91,91,18-03-2025 08:34,Success
92,92,23-08-2025 05:05,Success
93,93,21-12-2025 05:24,Pending
94,94,21-06-2026 05:55,Pending
95,95,06-06-2025 14:52,Pending
96,96,25-04-2026 13:39,Pending
97,97,13-09-2025 17:31,Pending
98,98,01-02-2026 11:28,Success
99,99,30-03-2025 14:18,Success
100,100,29-09-2025 20:50,Success
101,101,05-07-2025 14:46,Pending
102,102,29-07-2026 18:58,Pending
103,103,05-06-2026 17:21,Success
104,104,20-09-2025 16:27,Pending
105,105,24-07-2025 18:44,Success
106,106,20-06-2026 20:02,Success
107,107,22-01-2026 11:43,Pending
108,108,10-07-2025 04:42,Pending
109,109,10-10-2025 22:48,Success
110,110,15-07-2025 09:39,Success
111,111,31-05-2025 01:20,Success
112,112,08-07-2026 17:32,Success
113,113,20-03-2025 11:28,Pending
114,114,05-01-2025 05:51,Pending
115,115,12-04-2026 12:35,Success
116,116,06-05-2026 20:01,Success
117,117,06-12-2025 02:02,Success
118,118,14-12-2025 03:43,Success
119,119,13-05-2026 13:05,Pending
120,120,08-08-2025 11:14,Success
121,121,03-10-2026 02:37,Pending
122,122,23-04-2025 02:42,Success
123,123,11-09-2025 00:32,Pending
124,124,25-04-2026 02:27,Success
125,125,22-01-2025 06:29,Success
126,126,13-10-2026 00:11,Pending
127,127,22-08-2026 08:22,Success
128,128,28-02-2025 22:47,Pending
129,129,20-10-2026 04:28,Pending
130,130,31-05-2026 07:56,Success
131,131,29-05-2025 21:37,Success
132,132,09-08-2026 09:01,Pending
133,133,28-04-2026 23:11,Pending
134,134,22-07-2025 00:45,Success
135,135,05-10-2026 15:33,Success
136,136,03-04-2026 22:54,Pending
137,137,23-12-2026 07:32,Success
138,138,16-12-2025 09:23,Pending
139,139,29-09-2025 05:26,Success
140,140,09-03-2025 22:08,Success
141,141,07-03-2026 17:51,Success
142,142,31-05-2025 09:36,Pending
143,143,23-12-2026 06:33,Pending
144,144,22-07-2026 23:30,Pending
145,145,03-02-2026 07:22,Success
146,146,28-05-2025 02:35,Success
147,147,24-05-2026 06:55,Success
148,148,30-06-2026 12:29,Success
149,149,08-09-2026 04:55,Pending
150,150,27-09-2026 04:41,Success
151,151,30-10-2026 22:31,Success
152,152,31-07-2025 11:39,Success
153,153,29-07-2026 05:24,Pending
154,154,13-02-2025 02:15,Success
155,155,10-07-2025 21:54,Success
156,156,22-10-2025 12:16,Pending
157,157,14-12-2026 10:41,Pending
158,158,03-02-2026 04:10,Success
159,159,01-06-2026 01:22,Success
160,160,14-01-2025 23:12,Pending
161,161,09-11-2026 14:23,Pending
162,162,02-04-2025 06:12,Success
163,163,29-05-2026 09:19,Pending
164,164,20-10-2026 12:43,Pending
165,165,24-05-2025 02:36,Success
166,166,23-07-2026 03:09,Pending
167,167,15-05-2026 04:28,Pending
168,168,21-11-2026 23:30,Pending
169,169,28-08-2025 01:51,Pending
170,170,24-11-2025 11:33,Success
171,171,18-01-2025 01:51,Pending
172,172,31-03-2025 14:27,Success
173,173,05-10-2026 05:18,Success
174,174,15-01-2026 17:47,Success
175,175,15-04-2025 10:13,Success
176,176,28-10-2026 12:02,Pending
177,177,21-05-2026 17:15,Success
178,178,13-01-2025 13:58,Success
179,179,28-11-2026 12:39,Pending
180,180,09-07-2026 02:33,Pending
181,181,11-12-2026 16:58,Success
182,182,14-08-2026 02:52,Success
183,183,23-05-2025 21:54,Success
184,184,01-03-2025 14:25,Pending
185,185,09-10-2026 17:45,Success
186,186,20-08-2026 00:58,Success
187,187,14-08-2025 10:22,Success
188,188,03-09-2026 15:50,Success
189,189,09-05-2025 18:53,Success
190,190,22-08-2026 18:07,Success
191,191,20-02-2025 14:36,Pending
192,192,31-07-2026 20:06,Pending
193,193,19-01-2026 18:28,Success
194,194,22-07-2025 17:09,Success
195,195,21-07-2025 09:14,Pending
196,196,16-07-2025 14:27,Success
197,197,11-07-2026 19:22,Pending
198,198,29-06-2025 03:27,Success
199,199,29-11-2026 22:35,Pending
200,200,30-07-2026 09:33,Pending
201,201,28-09-2026 13:14,Pending
202,202,15-10-2026 19:59,Success
203,203,25-08-2026 15:57,Success
204,204,08-06-2026 19:45,Success
205,205,15-03-2026 07:08,Pending
206,206,15-08-2025 23:07,Pending
207,207,25-10-2025 18:01,Pending
208,208,23-05-2026 06:57,Pending
209,209,15-08-2025 21:32,Success
210,210,03-03-2026 01:27,Pending
211,211,12-06-2025 07:01,Pending
212,212,20-05-2025 18:01,Success
213,213,08-01-2025 14:38,Pending
214,214,03-07-2026 07:35,Success
215,215,02-11-2025 15:11,Success
216,216,01-01-2025 02:39,Success
217,217,12-05-2026 10:15,Pending
218,218,07-08-2026 15:30,Success
219,219,05-02-2026 18:35,Pending
220,220,11-10-2025 20:16,Success
221,221,30-08-2026 06:45,Success
222,222,22-11-2025 22:29,Pending
223,223,06-11-2025 14:26,Success
224,224,24-03-2025 19:34,Pending
225,225,09-06-2025 16:57,Failed
226,226,27-12-2025 03:54,Pending
227,227,11-06-2026 05:57,Success
228,228,15-05-2025 21:57,Pending
229,229,18-06-2025 09:41,Pending
230,230,28-03-2025 14:39,Success
231,231,02-10-2025 10:53,Pending
232,232,07-11-2026 03:04,Success
233,233,07-04-2026 13:00,Success
234,234,20-01-2025 03:52,Success
235,235,21-09-2026 20:33,Success
236,236,13-02-2026 13:23,Pending
237,237,16-11-2026 15:26,Success
238,238,16-04-2025 13:45,Success
239,239,09-02-2026 00:47,Success
240,240,17-04-2025 20:07,Success
241,241,04-03-2025 14:59,Success
242,242,15-07-2026 04:21,Pending
243,243,24-03-2026 21:17,Success
244,244,10-07-2025 13:24,Success
245,245,16-08-2026 05:52,Success
246,246,03-06-2026 15:50,Success
247,247,09-11-2026 21:09,Pending
248,248,13-06-2025 09:52,Pending
249,249,04-11-2025 22:20,Success
250,250,10-12-2026 20:01,Success
251,251,27-07-2026 16:14,Pending
252,252,20-08-2026 14:30,Pending
253,253,13-09-2026 15:05,Pending
254,254,14-03-2026 03:58,Success
255,255,12-01-2026 20:58,Pending
256,256,24-03-2026 08:29,Pending
257,257,15-04-2026 14:14,Success
258,258,04-06-2025 22:32,Success
259,259,28-10-2026 16:57,Success
260,260,28-07-2026 18:24,Success
261,261,30-10-2025 04:12,Pending
262,262,20-07-2025 20:08,Success
263,263,22-01-2026 16:20,Success
264,264,09-06-2026 23:26,Pending
265,265,16-03-2026 09:00,Failed
266,266,09-03-2025 19:23,Success
267,267,04-12-2025 07:03,Pending
268,268,16-02-2025 05:20,Success
269,269,16-12-2025 19:41,Success
270,270,18-09-2025 21:11,Success
271,271,29-10-2025 22:02,Pending
272,272,10-01-2026 12:29,Pending
273,273,03-10-2025 09:03,Success
274,274,10-01-2026 15:51,Pending
275,275,20-11-2026 11:09,Success
276,276,04-10-2026 18:36,Success
277,277,19-04-2025 22:21,Success
278,278,01-12-2025 22:33,Success
279,279,15-01-2026 08:42,Pending
280,280,15-04-2025 01:06,Success
281,281,11-10-2026 08:23,Pending
282,282,30-03-2026 03:54,Pending
283,283,28-06-2026 18:48,Pending
284,284,01-04-2026 14:31,Success
285,285,01-12-2025 19:39,Pending
286,286,27-01-2026 09:23,Success
287,287,04-12-2025 12:45,Pending
288,288,07-11-2025 23:17,Pending
289,289,02-02-2025 06:42,Pending
290,290,12-03-2026 23:01,Success
291,291,01-03-2025 22:50,Success
292,292,10-07-2026 00:28,Success
293,293,04-03-2025 07:20,Success
294,294,14-01-2025 23:14,Success
295,295,25-02-2025 08:31,Success
296,296,04-08-2026 00:16,Success
297,297,16-10-2025 04:28,Pending
298,298,08-04-2026 19:38,Success
299,299,08-09-2025 20:11,Success
300,300,12-04-2026 09:11,Success
301,301,05-11-2026 13:08,Pending
302,302,23-06-2025 00:50,Success
303,303,29-12-2025 19:24,Success
304,304,21-04-2025 01:48,Success
305,305,29-03-2026 09:37,Success
306,306,31-05-2026 02:53,Success
307,307,29-11-2025 14:24,Pending
308,308,05-05-2026 06:48,Pending
309,309,12-04-2026 07:25,Success
310,310,03-04-2026 14:38,Pending
311,311,29-10-2025 06:16,Success
312,312,15-09-2026 05:35,Success
313,313,08-04-2026 14:34,Success
314,314,11-12-2025 04:08,Pending
315,315,05-02-2026 13:59,Pending
316,316,04-08-2025 01:03,Success
317,317,03-03-2026 13:10,Pending
318,318,07-09-2026 19:08,Success
319,319,27-08-2026 00:40,Success
320,320,10-07-2025 23:52,Pending
321,321,03-03-2026 03:49,Pending
322,322,21-06-2025 07:26,Pending
323,323,22-03-2026 11:59,Success
324,324,22-11-2025 16:32,Success
325,325,03-01-2026 18:58,Success
326,326,06-12-2025 01:58,Success
327,327,11-12-2025 04:07,Success
328,328,12-06-2025 12:44,Success
329,329,24-02-2025 21:22,Pending
330,330,28-10-2026 19:30,Pending
331,331,15-12-2025 00:30,Success
332,332,29-06-2025 15:19,Pending
333,333,26-04-2025 03:10,Pending
334,334,16-03-2026 14:56,Pending
335,335,29-07-2025 08:24,Pending
336,336,08-10-2025 17:34,Success
337,337,14-03-2026 19:20,Success
338,338,27-09-2025 16:49,Success
339,339,11-09-2025 21:46,Success
340,340,01-07-2025 00:35,Success
341,341,02-10-2025 14:47,Success
342,342,19-01-2026 03:56,Success
343,343,03-06-2025 05:22,Success
344,344,02-11-2025 08:32,Pending
345,345,14-04-2026 23:54,Success
346,346,02-02-2026 05:42,Success
347,347,10-03-2026 11:03,Success
348,348,15-03-2025 19:27,Pending
349,349,06-03-2025 21:26,Success
350,350,06-09-2025 20:22,Pending
351,351,12-07-2026 01:03,Pending
352,352,30-09-2026 01:47,Pending
353,353,09-08-2026 18:45,Pending
354,354,05-04-2025 12:48,Success
355,355,09-10-2025 05:01,Pending
356,356,28-06-2026 20:11,Pending
357,357,25-04-2025 12:02,Success
358,358,23-05-2026 19:48,Success
359,359,01-10-2026 18:49,Success
360,360,03-07-2026 08:35,Success
361,361,31-03-2026 15:03,Pending
362,362,29-07-2026 02:14,Pending
363,363,12-06-2025 12:32,Success
364,364,07-05-2026 08:01,Success
365,365,02-05-2025 23:16,Success
366,366,27-08-2025 08:23,Success
367,367,06-05-2025 19:10,Pending
368,368,27-11-2025 11:50,Success
369,369,03-10-2026 19:46,Success
370,370,16-11-2025 06:54,Pending
371,371,06-04-2026 12:01,Pending
372,372,11-07-2026 13:26,Success
373,373,26-09-2026 18:45,Pending
374,374,28-11-2025 12:32,Success
375,375,09-11-2026 22:46,Success
376,376,17-01-2026 21:45,Success
377,377,23-06-2026 11:54,Pending
378,378,17-07-2025 01:23,Pending
379,379,18-04-2026 20:19,Success
380,380,09-05-2025 23:36,Pending
381,381,26-02-2026 18:31,Success
382,382,10-06-2026 08:38,Pending
383,383,15-11-2025 09:34,Success
384,384,24-05-2025 18:27,Success
385,385,17-10-2025 21:00,Success
386,386,02-10-2025 00:45,Success
387,387,27-09-2026 14:05,Success
388,388,15-07-2025 06:01,Pending
389,389,28-09-2026 22:27,Pending
390,390,11-10-2025 19:30,Success
391,391,17-07-2026 20:22,Pending
392,392,02-08-2025 09:18,Pending
393,393,27-07-2026 17:46,Pending
394,394,18-08-2025 17:40,Pending
395,395,15-12-2026 05:03,Success
396,396,01-04-2026 02:17,Success
397,397,18-04-2025 22:54,Success
398,398,29-12-2025 00:27,Pending
399,399,04-07-2025 19:57,Success
400,400,07-07-2025 23:51,Success
401,401,04-07-2026 03:33,Success
402,402,17-11-2026 13:06,Success
403,403,18-04-2026 20:24,Pending
404,404,07-07-2025 05:00,Success
405,405,11-01-2025 01:44,Success
406,406,03-04-2025 00:35,Pending
407,407,12-02-2026 09:50,Success
408,408,29-11-2025 12:47,Pending
409,409,06-08-2026 23:11,Pending
410,410,03-01-2026 02:40,Pending
411,411,22-02-2025 08:19,Pending
412,412,16-12-2026 17:22,Success
413,413,08-08-2026 04:55,Pending
414,414,14-11-2025 02:42,Success
415,415,09-10-2025 08:23,Pending
416,416,30-10-2025 02:38,Pending
417,417,12-11-2025 16:54,Success
418,418,22-03-2026 15:26,Failed
419,419,07-04-2026 00:40,Pending
420,420,03-01-2026 02:12,Success
421,421,02-09-2026 01:51,Pending
422,422,21-02-2026 03:36,Pending
423,423,08-08-2025 11:35,Pending
424,424,15-02-2026 00:42,Success
425,425,01-08-2025 16:56,Success
426,426,14-11-2026 04:33,Pending
427,427,16-08-2026 22:44,Success
428,428,09-07-2025 11:03,Success
429,429,11-08-2025 15:16,Success
430,430,16-04-2025 23:49,Pending
431,431,30-05-2026 04:02,Success
432,432,25-11-2026 23:18,Pending
433,433,16-04-2025 22:15,Pending
434,434,12-04-2025 01:33,Success
435,435,17-07-2025 11:04,Success
436,436,14-06-2025 21:30,Pending
437,437,12-02-2026 20:14,Pending
438,438,02-02-2026 09:23,Pending
439,439,26-02-2026 08:39,Success
440,440,18-01-2025 07:53,Pending
441,441,20-04-2026 01:40,Success
442,442,15-09-2025 05:16,Pending
443,443,27-08-2026 08:44,Pending
444,444,09-08-2026 19:58,Pending
445,445,23-12-2025 09:34,Pending
446,446,12-04-2026 17:58,Pending
447,447,31-07-2026 09:08,Success
448,448,01-11-2025 22:36,Pending
449,449,26-10-2026 02:40,Pending
450,450,13-03-2026 04:39,Pending
451,451,11-10-2026 13:35,Success
452,452,17-06-2025 06:29,Success
453,453,03-03-2026 00:38,Pending
454,454,24-04-2025 20:52,Pending
455,455,16-10-2025 07:30,Success
456,456,23-11-2025 07:46,Success
457,457,15-01-2025 19:42,Success
458,458,29-01-2025 12:26,Success
459,459,20-04-2026 18:36,Pending
460,460,14-10-2025 14:54,Success
461,461,09-04-2025 14:59,Pending
462,462,01-10-2025 14:53,Success
463,463,29-09-2025 02:14,Pending
464,464,22-02-2026 09:45,Pending
465,465,05-06-2026 10:54,Pending
466,466,10-07-2026 07:34,Pending
467,467,13-02-2026 20:22,Success
468,468,25-08-2025 04:44,Success
469,469,23-06-2026 01:49,Success
470,470,23-03-2026 03:18,Pending
471,471,12-12-2025 17:09,Success
472,472,11-12-2026 12:51,Success
473,473,11-07-2026 20:35,Success
474,474,14-09-2025 15:42,Pending
475,475,27-06-2026 05:22,Success
476,476,01-07-2025 13:45,Success
477,477,22-11-2025 15:28,Pending
478,478,15-09-2026 18:01,Pending
479,479,03-05-2025 07:27,Success
480,480,13-03-2026 04:28,Success
481,481,12-05-2026 08:49,Pending
482,482,21-04-2025 08:31,Pending
483,483,17-08-2026 06:33,Success
484,484,15-01-2025 15:06,Pending
485,485,06-08-2025 09:30,Success
486,486,27-05-2025 03:29,Pending
487,487,07-11-2025 08:07,Success
488,488,01-01-2025 19:59,Pending
489,489,28-11-2025 01:01,Success
490,490,14-07-2025 11:52,Pending
491,491,11-03-2026 13:57,Pending
492,492,28-02-2026 11:03,Pending
493,493,09-07-2026 22:03,Pending
494,494,18-03-2026 09:46,Success
495,495,15-03-2025 07:03,Pending
496,496,21-11-2025 03:44,Pending
497,497,06-12-2026 14:08,Success
498,498,29-06-2025 09:04,Pending
499,499,21-04-2025 03:51,Pending
500,500,01-05-2026 09:28,Pending
501,501,08-06-2025 07:18,Success
502,502,25-05-2026 00:27,Pending
503,503,26-11-2026 16:12,Success
504,504,04-06-2025 02:09,Success
505,505,23-05-2025 03:24,Success
506,506,02-02-2025 13:58,Pending
507,507,29-01-2026 15:28,Success
508,508,26-04-2026 15:27,Pending
509,509,08-08-2026 13:14,Success
510,510,27-03-2026 15:53,Pending
511,511,23-07-2026 12:47,Success
512,512,17-03-2025 17:10,Success
513,513,25-12-2025 07:18,Success
514,514,04-07-2025 01:56,Success
515,515,05-03-2026 01:35,Pending
516,516,31-12-2025 17:32,Pending
517,517,08-06-2025 23:11,Pending
518,518,04-06-2025 16:19,Pending
519,519,04-05-2025 03:27,Success
520,520,25-08-2025 04:07,Success
521,521,09-03-2025 17:28,Success
522,522,30-08-2025 11:31,Pending
523,523,07-08-2026 19:54,Pending
524,524,09-09-2025 02:27,Pending
525,525,28-04-2026 17:58,Pending
526,526,15-12-2026 22:04,Pending
527,527,04-09-2026 16:40,Success
528,528,27-12-2025 10:23,Pending
529,529,06-07-2026 10:38,Success
530,530,19-08-2026 03:59,Success
531,531,07-11-2026 06:49,Success
532,532,21-06-2026 01:56,Pending
533,533,11-08-2026 18:40,Pending
534,534,23-03-2026 00:48,Pending
535,535,23-06-2026 13:35,Failed
536,536,18-04-2026 12:03,Pending
537,537,15-07-2025 13:58,Success
538,538,05-08-2025 03:49,Pending
539,539,21-07-2026 05:20,Pending
540,540,10-09-2025 05:15,Pending
541,541,28-02-2026 08:16,Success
542,542,24-05-2026 11:44,Success
543,543,21-03-2025 08:12,Success
544,544,25-02-2026 03:12,Pending
545,545,09-11-2025 03:11,Success
546,546,21-03-2026 09:07,Success
547,547,09-09-2025 11:30,Pending
548,548,03-03-2026 07:48,Success
549,549,16-11-2026 12:46,Success
550,550,20-11-2026 14:59,Pending
551,551,25-01-2025 10:34,Pending
552,552,26-02-2025 14:57,Success
553,553,11-06-2025 05:35,Pending
554,554,24-09-2026 18:55,Pending
555,555,23-12-2026 17:00,Pending
556,556,23-01-2026 06:56,Success
557,557,26-02-2025 15:06,Pending
558,558,07-07-2026 22:15,Pending
559,559,01-12-2026 08:49,Pending
560,560,20-04-2025 11:04,Success
561,561,21-01-2025 20:05,Pending
562,562,29-09-2025 11:14,Success
563,563,11-10-2025 02:16,Success
564,564,20-10-2026 08:58,Success
565,565,07-05-2025 02:07,Pending
566,566,02-09-2025 04:22,Pending
567,567,26-11-2026 08:39,Pending
568,568,12-03-2025 01:17,Pending
569,569,28-08-2026 12:58,Pending
570,570,14-08-2025 21:33,Success
571,571,22-03-2025 09:51,Pending
572,572,14-05-2025 18:16,Pending
573,573,26-02-2026 18:55,Success
574,574,06-06-2026 00:40,Pending
575,575,28-05-2026 19:40,Success
576,576,15-02-2025 05:49,Success
577,577,15-08-2025 12:19,Success
578,578,01-08-2025 17:14,Pending
579,579,29-04-2026 10:41,Pending
580,580,07-09-2025 11:23,Success
581,581,08-07-2025 03:26,Success
582,582,24-02-2026 17:52,Pending
583,583,09-07-2026 04:34,Success
584,584,31-08-2026 14:41,Pending
585,585,21-08-2025 14:54,Pending
586,586,03-05-2026 02:30,Pending
587,587,08-06-2025 15:01,Success
588,588,04-06-2025 02:55,Pending
589,589,14-12-2025 07:26,Pending
590,590,01-07-2026 22:48,Success
591,591,14-01-2025 23:36,Success
592,592,08-03-2025 07:19,Pending
593,593,02-07-2026 03:01,Pending
594,594,23-03-2025 07:12,Pending
595,595,04-07-2025 20:47,Success
596,596,18-06-2025 21:55,Success
597,597,07-10-2026 14:47,Success
598,598,22-09-2025 21:50,Success
599,599,22-07-2026 23:34,Pending
600,600,21-06-2025 00:44,Success
